isim,neden,kulup_sayisi,guncel_kulup,popularite,yerel_foto_var,cloudfront_kaydi_var
"Muarem Muarem","aynı kelime tekrarlanıyor",8,"Shkupi",19,hayır,evet
"Biri Biri","aynı kelime tekrarlanıyor",6,"Herfølge",11,hayır,evet
"José Antonio de la Hoz Uranga","çok fazla kelime (6+)",3,"Lagun Onak",8,hayır,hayır
"Mariano Pedro de Roma Bori Viaud","çok fazla kelime (6+)",1,"FC Barcelona",7,hayır,hayır
"CARLOS JAVIER TORRES BERMUDEZ","tamamı büyük harf",1,"FC Barcelona",7,hayır,hayır
"Pelé","tek kelimelik isim (soyadsız — genelde Brezilya/Portekiz futbolunda gerçek ama gözden geçirilmeye değer)",13,"Dunărea Călărași",92,hayır,evet
"Neymar","tek kelimelik isim (soyadsız — genelde Brezilya/Portekiz futbolunda gerçek ama gözden geçirilmeye değer)",4,"Al-Hilal",90,hayır,evet
"Ronaldinho","tek kelimelik isim (soyadsız — genelde Brezilya/Portekiz futbolunda gerçek ama gözden geçirilmeye değer)",9,"Ravenna",89,hayır,evet
"Ronaldo","tek kelimelik isim (soyadsız — genelde Brezilya/Portekiz futbolunda gerçek ama gözden geçirilmeye değer)",7,"Corinthians",88,EVET,hayır
"Pedri","tek kelimelik isim (soyadsız — genelde Brezilya/Portekiz futbolunda gerçek ama gözden geçirilmeye değer)",2,"Barcelona",83,hayır,evet
"Rodri","tek kelimelik isim (soyadsız — genelde Brezilya/Portekiz futbolunda gerçek ama gözden geçirilmeye değer)",5,"Barcelona",80,hayır,evet
"Xavi","tek kelimelik isim (soyadsız — genelde Brezilya/Portekiz futbolunda gerçek ama gözden geçirilmeye değer)",3,"Al Sadd",80,hayır,evet
"Alex","tek kelimelik isim (soyadsız — genelde Brezilya/Portekiz futbolunda gerçek ama gözden geçirilmeye değer)",6,"Fenerbahçe",79,hayır,evet
"Zico","tek kelimelik isim (soyadsız — genelde Brezilya/Portekiz futbolunda gerçek ama gözden geçirilmeye değer)",3,"Kashima Antlers",76,hayır,evet
"Douglas","tek kelimelik isim (soyadsız — genelde Brezilya/Portekiz futbolunda gerçek ama gözden geçirilmeye değer)",15,"Beşiktaş",66,hayır,evet
"Ederson","tek kelimelik isim (soyadsız — genelde Brezilya/Portekiz futbolunda gerçek ama gözden geçirilmeye değer)",5,"Fenerbahçe",65,hayır,evet
"Pepe","tek kelimelik isim (soyadsız — genelde Brezilya/Portekiz futbolunda gerçek ama gözden geçirilmeye değer)",5,"Beşiktaş",65,hayır,evet
"Talisca","tek kelimelik isim (soyadsız — genelde Brezilya/Portekiz futbolunda gerçek ama gözden geçirilmeye değer)",6,"Fenerbahçe",65,hayır,evet
"Marquinhos","tek kelimelik isim (soyadsız — genelde Brezilya/Portekiz futbolunda gerçek ama gözden geçirilmeye değer)",11,"Paris Saint-Germain",57,hayır,evet
"Adrián","tek kelimelik isim (soyadsız — genelde Brezilya/Portekiz futbolunda gerçek ama gözden geçirilmeye değer)",7,"Liverpool",56,hayır,evet
"Guti","tek kelimelik isim (soyadsız — genelde Brezilya/Portekiz futbolunda gerçek ama gözden geçirilmeye değer)",4,"Beşiktaş",56,hayır,evet
"Raphinha","tek kelimelik isim (soyadsız — genelde Brezilya/Portekiz futbolunda gerçek ama gözden geçirilmeye değer)",6,"Barcelona",56,hayır,evet
"Savinho","tek kelimelik isim (soyadsız — genelde Brezilya/Portekiz futbolunda gerçek ama gözden geçirilmeye değer)",6,"Manchester City",56,hayır,evet
"Gavi","tek kelimelik isim (soyadsız — genelde Brezilya/Portekiz futbolunda gerçek ama gözden geçirilmeye değer)",2,"Barcelona",55,hayır,evet
"Josico","tek kelimelik isim (soyadsız — genelde Brezilya/Portekiz futbolunda gerçek ama gözden geçirilmeye değer)",5,"Fenerbahçe",53,hayır,hayır
"Maxwell","tek kelimelik isim (soyadsız — genelde Brezilya/Portekiz futbolunda gerçek ama gözden geçirilmeye değer)",5,"Paris Saint-Germain",49,hayır,evet
"Doni","tek kelimelik isim (soyadsız — genelde Brezilya/Portekiz futbolunda gerçek ama gözden geçirilmeye değer)",7,"Liverpool",47,hayır,evet
"Giovane","tek kelimelik isim (soyadsız — genelde Brezilya/Portekiz futbolunda gerçek ama gözden geçirilmeye değer)",4,"Napoli",45,hayır,evet
"Sylvinho","tek kelimelik isim (soyadsız — genelde Brezilya/Portekiz futbolunda gerçek ama gözden geçirilmeye değer)",5,"Manchester City",45,hayır,evet
"Raí","tek kelimelik isim (soyadsız — genelde Brezilya/Portekiz futbolunda gerçek ama gözden geçirilmeye değer)",4,"Paris Saint-Germain",43,hayır,evet
"Chendo","tek kelimelik isim (soyadsız — genelde Brezilya/Portekiz futbolunda gerçek ama gözden geçirilmeye değer)",2,"Real Madrid",42,hayır,evet
"Evaristo","tek kelimelik isim (soyadsız — genelde Brezilya/Portekiz futbolunda gerçek ama gözden geçirilmeye değer)",4,"Real Madrid",42,hayır,evet
"Migueli","tek kelimelik isim (soyadsız — genelde Brezilya/Portekiz futbolunda gerçek ama gözden geçirilmeye değer)",2,"Barcelona",42,hayır,evet
"Santillana","tek kelimelik isim (soyadsız — genelde Brezilya/Portekiz futbolunda gerçek ama gözden geçirilmeye değer)",2,"Real Madrid",42,hayır,evet
"Amancio","tek kelimelik isim (soyadsız — genelde Brezilya/Portekiz futbolunda gerçek ama gözden geçirilmeye değer)",2,"Real Madrid",41,hayır,evet
"Gallego","tek kelimelik isim (soyadsız — genelde Brezilya/Portekiz futbolunda gerçek ama gözden geçirilmeye değer)",2,"Barcelona",41,hayır,evet
"Charles","tek kelimelik isim (soyadsız — genelde Brezilya/Portekiz futbolunda gerçek ama gözden geçirilmeye değer)",7,"Antalyaspor",40,hayır,evet
"Héliton","tek kelimelik isim (soyadsız — genelde Brezilya/Portekiz futbolunda gerçek ama gözden geçirilmeye değer)",6,"Göztepe",40,hayır,evet
"Jefferson","tek kelimelik isim (soyadsız — genelde Brezilya/Portekiz futbolunda gerçek ama gözden geçirilmeye değer)",4,"Konyaspor",40,hayır,evet
"Alemão","tek kelimelik isim (soyadsız — genelde Brezilya/Portekiz futbolunda gerçek ama gözden geçirilmeye değer)",10,"Rayo Vallecano",36,hayır,evet
"Alfon","tek kelimelik isim (soyadsız — genelde Brezilya/Portekiz futbolunda gerçek ama gözden geçirilmeye değer)",10,"Villarreal",36,hayır,evet
"Bruma","tek kelimelik isim (soyadsız — genelde Brezilya/Portekiz futbolunda gerçek ama gözden geçirilmeye değer)",11,"Benfica",36,hayır,evet
"Dani","tek kelimelik isim (soyadsız — genelde Brezilya/Portekiz futbolunda gerçek ama gözden geçirilmeye değer)",5,"Atlético Madrid",36,hayır,evet
"Nícolas","tek kelimelik isim (soyadsız — genelde Brezilya/Portekiz futbolunda gerçek ama gözden geçirilmeye değer)",10,"Pisa",36,hayır,evet
"Thalisson","tek kelimelik isim (soyadsız — genelde Brezilya/Portekiz futbolunda gerçek ama gözden geçirilmeye değer)",10,"Gençlerbirliği",36,hayır,evet
"Al-Musrati","tek kelimelik isim (soyadsız — genelde Brezilya/Portekiz futbolunda gerçek ama gözden geçirilmeye değer)",8,"Hellas Verona",35,hayır,evet
"Alexsandro","tek kelimelik isim (soyadsız — genelde Brezilya/Portekiz futbolunda gerçek ama gözden geçirilmeye değer)",4,"Lille",35,hayır,evet
"Dante","tek kelimelik isim (soyadsız — genelde Brezilya/Portekiz futbolunda gerçek ama gözden geçirilmeye değer)",8,"Nice",35,hayır,evet
"Dimas","tek kelimelik isim (soyadsız — genelde Brezilya/Portekiz futbolunda gerçek ama gözden geçirilmeye değer)",9,"Marseille",35,hayır,evet
"Djené","tek kelimelik isim (soyadsız — genelde Brezilya/Portekiz futbolunda gerçek ama gözden geçirilmeye değer)",5,"Getafe",35,hayır,evet
"Éderson","tek kelimelik isim (soyadsız — genelde Brezilya/Portekiz futbolunda gerçek ama gözden geçirilmeye değer)",6,"Atalanta",35,hayır,evet
"Emersonn","tek kelimelik isim (soyadsız — genelde Brezilya/Portekiz futbolunda gerçek ama gözden geçirilmeye değer)",4,"Ipswich Town",35,hayır,evet
"Evanilson","tek kelimelik isim (soyadsız — genelde Brezilya/Portekiz futbolunda gerçek ama gözden geçirilmeye değer)",6,"Bournemouth",35,hayır,evet
"Fransérgio","tek kelimelik isim (soyadsız — genelde Brezilya/Portekiz futbolunda gerçek ama gözden geçirilmeye değer)",6,"Kocaelispor",35,hayır,evet
"Fredy","tek kelimelik isim (soyadsız — genelde Brezilya/Portekiz futbolunda gerçek ama gözden geçirilmeye değer)",8,"Çorum",35,hayır,evet
"Geraldo","tek kelimelik isim (soyadsız — genelde Brezilya/Portekiz futbolunda gerçek ama gözden geçirilmeye değer)",9,"Çorum",35,hayır,evet
"Ismaily","tek kelimelik isim (soyadsız — genelde Brezilya/Portekiz futbolunda gerçek ama gözden geçirilmeye değer)",8,"Lille",35,hayır,evet
"Joaquín","tek kelimelik isim (soyadsız — genelde Brezilya/Portekiz futbolunda gerçek ama gözden geçirilmeye değer)",5,"Fiorentina",35,hayır,evet
"Joelinton","tek kelimelik isim (soyadsız — genelde Brezilya/Portekiz futbolunda gerçek ama gözden geçirilmeye değer)",4,"Newcastle United",35,hayır,evet
"Jota","tek kelimelik isim (soyadsız — genelde Brezilya/Portekiz futbolunda gerçek ama gözden geçirilmeye değer)",6,"Rennes",35,hayır,evet
"Juanmi","tek kelimelik isim (soyadsız — genelde Brezilya/Portekiz futbolunda gerçek ama gözden geçirilmeye değer)",9,"Getafe",35,hayır,evet
"Kevin","tek kelimelik isim (soyadsız — genelde Brezilya/Portekiz futbolunda gerçek ama gözden geçirilmeye değer)",4,"Fulham",35,hayır,evet
"Maestro","tek kelimelik isim (soyadsız — genelde Brezilya/Portekiz futbolunda gerçek ama gözden geçirilmeye değer)",4,"Alanyaspor",35,hayır,evet
"Nino","tek kelimelik isim (soyadsız — genelde Brezilya/Portekiz futbolunda gerçek ama gözden geçirilmeye değer)",5,"Osasuna",35,hayır,evet
"Pablo","tek kelimelik isim (soyadsız — genelde Brezilya/Portekiz futbolunda gerçek ama gözden geçirilmeye değer)",4,"West Ham United",35,hayır,evet
"Pedrinho","tek kelimelik isim (soyadsız — genelde Brezilya/Portekiz futbolunda gerçek ama gözden geçirilmeye değer)",8,"Çorum",35,hayır,evet
"Pedro","tek kelimelik isim (soyadsız — genelde Brezilya/Portekiz futbolunda gerçek ama gözden geçirilmeye değer)",7,"Lazio",35,hayır,evet
"Pepelu","tek kelimelik isim (soyadsız — genelde Brezilya/Portekiz futbolunda gerçek ama gözden geçirilmeye değer)",6,"Valencia",35,hayır,evet
"Portu","tek kelimelik isim (soyadsız — genelde Brezilya/Portekiz futbolunda gerçek ama gözden geçirilmeye değer)",6,"Getafe",35,hayır,evet
"Richarlison","tek kelimelik isim (soyadsız — genelde Brezilya/Portekiz futbolunda gerçek ama gözden geçirilmeye değer)",5,"Tottenham Hotspur",35,hayır,evet
"Serginho","tek kelimelik isim (soyadsız — genelde Brezilya/Portekiz futbolunda gerçek ama gözden geçirilmeye değer)",9,"Fatih Karagümrük",35,hayır,evet
"Show","tek kelimelik isim (soyadsız — genelde Brezilya/Portekiz futbolunda gerçek ama gözden geçirilmeye değer)",8,"Kocaelispor",35,hayır,evet
"Vieirinha","tek kelimelik isim (soyadsız — genelde Brezilya/Portekiz futbolunda gerçek ama gözden geçirilmeye değer)",6,"VfL Wolfsburg",35,hayır,evet
"Vitinha","tek kelimelik isim (soyadsız — genelde Brezilya/Portekiz futbolunda gerçek ama gözden geçirilmeye değer)",4,"Genoa",35,hayır,evet
"Vitolo","tek kelimelik isim (soyadsız — genelde Brezilya/Portekiz futbolunda gerçek ama gözden geçirilmeye değer)",5,"Getafe",35,hayır,evet
"Alysson","tek kelimelik isim (soyadsız — genelde Brezilya/Portekiz futbolunda gerçek ama gözden geçirilmeye değer)",2,"Aston Villa",34,hayır,evet
"André","tek kelimelik isim (soyadsız — genelde Brezilya/Portekiz futbolunda gerçek ama gözden geçirilmeye değer)",2,"Wolverhampton Wanderers",34,hayır,evet
"Arthur","tek kelimelik isim (soyadsız — genelde Brezilya/Portekiz futbolunda gerçek ama gözden geçirilmeye değer)",2,"Bayer Leverkusen",34,hayır,evet
"Cafu","tek kelimelik isim (soyadsız — genelde Brezilya/Portekiz futbolunda gerçek ama gözden geçirilmeye değer)",6,"AC Milan",34,hayır,evet
"Chuki","tek kelimelik isim (soyadsız — genelde Brezilya/Portekiz futbolunda gerçek ama gözden geçirilmeye değer)",3,"Werder Bremen",34,hayır,evet
"Cleiton","tek kelimelik isim (soyadsız — genelde Brezilya/Portekiz futbolunda gerçek ama gözden geçirilmeye değer)",2,"VfL Wolfsburg",34,hayır,evet
"Davinchi","tek kelimelik isim (soyadsız — genelde Brezilya/Portekiz futbolunda gerçek ama gözden geçirilmeye değer)",3,"Getafe",34,hayır,evet
"Endrick","tek kelimelik isim (soyadsız — genelde Brezilya/Portekiz futbolunda gerçek ama gözden geçirilmeye değer)",3,"Lyon",34,hayır,evet
"Isaac","tek kelimelik isim (soyadsız — genelde Brezilya/Portekiz futbolunda gerçek ama gözden geçirilmeye değer)",3,"Hellas Verona",34,hayır,evet
"Lorran","tek kelimelik isim (soyadsız — genelde Brezilya/Portekiz futbolunda gerçek ama gözden geçirilmeye değer)",2,"Pisa",34,hayır,evet
"Murillo","tek kelimelik isim (soyadsız — genelde Brezilya/Portekiz futbolunda gerçek ama gözden geçirilmeye değer)",2,"Nottingham Forest",34,hayır,evet
"Oso","tek kelimelik isim (soyadsız — genelde Brezilya/Portekiz futbolunda gerçek ama gözden geçirilmeye değer)",3,"Sevilla",34,hayır,evet
"Otávio","tek kelimelik isim (soyadsız — genelde Brezilya/Portekiz futbolunda gerçek ama gözden geçirilmeye değer)",3,"Eintracht Frankfurt",34,hayır,evet
"Rayan","tek kelimelik isim (soyadsız — genelde Brezilya/Portekiz futbolunda gerçek ama gözden geçirilmeye değer)",2,"Bournemouth",34,hayır,evet
"Robinho","tek kelimelik isim (soyadsız — genelde Brezilya/Portekiz futbolunda gerçek ama gözden geçirilmeye değer)",8,"İstanbul Başakşehir",34,hayır,evet
"Ruan","tek kelimelik isim (soyadsız — genelde Brezilya/Portekiz futbolunda gerçek ama gözden geçirilmeye değer)",3,"Alanyaspor",34,hayır,evet
"Souza","tek kelimelik isim (soyadsız — genelde Brezilya/Portekiz futbolunda gerçek ama gözden geçirilmeye değer)",2,"Tottenham Hotspur",34,hayır,evet
"Vanderson","tek kelimelik isim (soyadsız — genelde Brezilya/Portekiz futbolunda gerçek ama gözden geçirilmeye değer)",2,"Monaco",34,hayır,evet
"Viti","tek kelimelik isim (soyadsız — genelde Brezilya/Portekiz futbolunda gerçek ama gözden geçirilmeye değer)",3,"Las Palmas",34,hayır,evet
"Welington","tek kelimelik isim (soyadsız — genelde Brezilya/Portekiz futbolunda gerçek ama gözden geçirilmeye değer)",2,"Southampton",34,hayır,evet
"Vere","tek kelimelik isim (soyadsız — genelde Brezilya/Portekiz futbolunda gerçek ama gözden geçirilmeye değer)",4,"Rayo Vallecano",32,hayır,hayır
"Argila","tek kelimelik isim (soyadsız — genelde Brezilya/Portekiz futbolunda gerçek ama gözden geçirilmeye değer)",3,"Atlético Madrid",31,hayır,evet
"Lafuente","tek kelimelik isim (soyadsız — genelde Brezilya/Portekiz futbolunda gerçek ama gözden geçirilmeye değer)",3,"Atlético Madrid",31,hayır,evet
"Ramiro","tek kelimelik isim (soyadsız — genelde Brezilya/Portekiz futbolunda gerçek ama gözden geçirilmeye değer)",4,"Atlético Madrid",31,hayır,evet
"Viery","tek kelimelik isim (soyadsız — genelde Brezilya/Portekiz futbolunda gerçek ama gözden geçirilmeye değer)",2,"Fiorentina",31,hayır,hayır
"Zubiarraín","tek kelimelik isim (soyadsız — genelde Brezilya/Portekiz futbolunda gerçek ama gözden geçirilmeye değer)",2,"Atlético Madrid",30,hayır,evet
"Anderson","tek kelimelik isim (soyadsız — genelde Brezilya/Portekiz futbolunda gerçek ama gözden geçirilmeye değer)",7,"Adana Demirspor",29,hayır,evet
"Eliseu","tek kelimelik isim (soyadsız — genelde Brezilya/Portekiz futbolunda gerçek ama gözden geçirilmeye değer)",6,"Benfica",29,hayır,evet
"Jonas","tek kelimelik isim (soyadsız — genelde Brezilya/Portekiz futbolunda gerçek ama gözden geçirilmeye değer)",6,"Benfica",29,hayır,evet
"Josan","tek kelimelik isim (soyadsız — genelde Brezilya/Portekiz futbolunda gerçek ama gözden geçirilmeye değer)",10,"Elche",29,hayır,evet
"Toño","tek kelimelik isim (soyadsız — genelde Brezilya/Portekiz futbolunda gerçek ama gözden geçirilmeye değer)",7,"Rayo Vallecano",29,hayır,evet
"Pichichi","tek kelimelik isim (soyadsız — genelde Brezilya/Portekiz futbolunda gerçek ama gözden geçirilmeye değer)",2,"Athletic Bilbao",28,hayır,evet
"Richy","tek kelimelik isim (soyadsız — genelde Brezilya/Portekiz futbolunda gerçek ama gözden geçirilmeye değer)",4,"Girona",28,hayır,evet
"Bremer","tek kelimelik isim (soyadsız — genelde Brezilya/Portekiz futbolunda gerçek ama gözden geçirilmeye değer)",1,"Juventus",27,hayır,hayır
"Adeílson","tek kelimelik isim (soyadsız — genelde Brezilya/Portekiz futbolunda gerçek ama gözden geçirilmeye değer)",19,"Al Dhaid",26,hayır,evet
"Adriano","tek kelimelik isim (soyadsız — genelde Brezilya/Portekiz futbolunda gerçek ama gözden geçirilmeye değer)",26,"Miami United",26,hayır,evet
"Adryan","tek kelimelik isim (soyadsız — genelde Brezilya/Portekiz futbolunda gerçek ama gözden geçirilmeye değer)",10,"Portuguesa-RJ",26,hayır,evet
"Aladje","tek kelimelik isim (soyadsız — genelde Brezilya/Portekiz futbolunda gerçek ama gözden geçirilmeye değer)",16,"Grosseto",26,hayır,evet
"Allano","tek kelimelik isim (soyadsız — genelde Brezilya/Portekiz futbolunda gerçek ama gözden geçirilmeye değer)",13,"Bhayangkara Presisi",26,hayır,evet
"Allyson","tek kelimelik isim (soyadsız — genelde Brezilya/Portekiz futbolunda gerçek ama gözden geçirilmeye değer)",18,"Atlético de Alagoinhas",26,hayır,evet
"Amaral","tek kelimelik isim (soyadsız — genelde Brezilya/Portekiz futbolunda gerçek ama gözden geçirilmeye değer)",21,"Capivariano",26,hayır,evet
"Amilton","tek kelimelik isim (soyadsız — genelde Brezilya/Portekiz futbolunda gerçek ama gözden geçirilmeye değer)",13,"Esenler Erokspor",26,hayır,evet
"Angeliño","tek kelimelik isim (soyadsız — genelde Brezilya/Portekiz futbolunda gerçek ama gözden geçirilmeye değer)",11,"Deportivo A Coruña",26,hayır,evet
"Anselmo","tek kelimelik isim (soyadsız — genelde Brezilya/Portekiz futbolunda gerçek ama gözden geçirilmeye değer)",12,"Adelaide United",26,hayır,evet
"Antoñín","tek kelimelik isim (soyadsız — genelde Brezilya/Portekiz futbolunda gerçek ama gözden geçirilmeye değer)",11,"Hércules",26,hayır,evet
"Auremir","tek kelimelik isim (soyadsız — genelde Brezilya/Portekiz futbolunda gerçek ama gözden geçirilmeye değer)",14,"Chapecoense",26,hayır,evet
"Bacari","tek kelimelik isim (soyadsız — genelde Brezilya/Portekiz futbolunda gerçek ama gözden geçirilmeye değer)",14,"Martinenc",26,hayır,evet
"Bady","tek kelimelik isim (soyadsız — genelde Brezilya/Portekiz futbolunda gerçek ama gözden geçirilmeye değer)",15,"Votuporanguense",26,hayır,evet
"Baiano","tek kelimelik isim (soyadsız — genelde Brezilya/Portekiz futbolunda gerçek ama gözden geçirilmeye değer)",12,"Nacional",26,hayır,evet
"Bebé","tek kelimelik isim (soyadsız — genelde Brezilya/Portekiz futbolunda gerçek ama gözden geçirilmeye değer)",13,"Ibiza",26,hayır,evet
"Benja","tek kelimelik isim (soyadsız — genelde Brezilya/Portekiz futbolunda gerçek ama gözden geçirilmeye değer)",13,"Intercity",26,hayır,evet
"Bernardo","tek kelimelik isim (soyadsız — genelde Brezilya/Portekiz futbolunda gerçek ama gözden geçirilmeye değer)",10,"Atlético Paranaense",26,hayır,evet
"Beto","tek kelimelik isim (soyadsız — genelde Brezilya/Portekiz futbolunda gerçek ama gözden geçirilmeye değer)",13,"HIFK",26,hayır,evet
"Cafú","tek kelimelik isim (soyadsız — genelde Brezilya/Portekiz futbolunda gerçek ama gözden geçirilmeye değer)",12,"AEL Limassol",26,hayır,evet
"Caiuby","tek kelimelik isim (soyadsız — genelde Brezilya/Portekiz futbolunda gerçek ama gözden geçirilmeye değer)",15,"EC São Bernardo",26,hayır,evet
"Cala","tek kelimelik isim (soyadsız — genelde Brezilya/Portekiz futbolunda gerçek ama gözden geçirilmeye değer)",10,"Cádiz",26,hayır,evet
"Candela","tek kelimelik isim (soyadsız — genelde Brezilya/Portekiz futbolunda gerçek ama gözden geçirilmeye değer)",14,"Huracán Balazote",26,hayır,evet
"Carlão","tek kelimelik isim (soyadsız — genelde Brezilya/Portekiz futbolunda gerçek ama gözden geçirilmeye değer)",10,"Ituano",26,hayır,evet
"Carlinhos","tek kelimelik isim (soyadsız — genelde Brezilya/Portekiz futbolunda gerçek ama gözden geçirilmeye değer)",17,"Kuwait",26,hayır,evet
"Casto","tek kelimelik isim (soyadsız — genelde Brezilya/Portekiz futbolunda gerçek ama gözden geçirilmeye değer)",11,"Extremadura",26,hayır,evet
"Chema","tek kelimelik isim (soyadsız — genelde Brezilya/Portekiz futbolunda gerçek ama gözden geçirilmeye değer)",10,"Racing Ferrol",26,hayır,evet
"Chuca","tek kelimelik isim (soyadsız — genelde Brezilya/Portekiz futbolunda gerçek ama gözden geçirilmeye değer)",11,"Sloga Doboj",26,hayır,evet
"Chuli","tek kelimelik isim (soyadsız — genelde Brezilya/Portekiz futbolunda gerçek ama gözden geçirilmeye değer)",12,"Orihuela",26,hayır,evet
"Cícero","tek kelimelik isim (soyadsız — genelde Brezilya/Portekiz futbolunda gerçek ama gözden geçirilmeye değer)",11,"Botafogo",26,hayır,evet
"Cifu","tek kelimelik isim (soyadsız — genelde Brezilya/Portekiz futbolunda gerçek ama gözden geçirilmeye değer)",14,"Atlético Central",26,hayır,evet
"Claiton","tek kelimelik isim (soyadsız — genelde Brezilya/Portekiz futbolunda gerçek ama gözden geçirilmeye değer)",10,"Catania",26,hayır,evet
"Claudemir","tek kelimelik isim (soyadsız — genelde Brezilya/Portekiz futbolunda gerçek ama gözden geçirilmeye değer)",10,"Comercial-SP",26,hayır,evet
"Clésio","tek kelimelik isim (soyadsız — genelde Brezilya/Portekiz futbolunda gerçek ama gözden geçirilmeye değer)",12,"Black Bulls",26,hayır,evet
"Dalbert","tek kelimelik isim (soyadsız — genelde Brezilya/Portekiz futbolunda gerçek ama gözden geçirilmeye değer)",11,"América Mineiro",26,hayır,evet
"Dankler","tek kelimelik isim (soyadsız — genelde Brezilya/Portekiz futbolunda gerçek ama gözden geçirilmeye değer)",12,"Shijiazhuang Gongfu",26,hayır,evet
"Davidson","tek kelimelik isim (soyadsız — genelde Brezilya/Portekiz futbolunda gerçek ama gözden geçirilmeye değer)",12,"Qingdao West Coast",26,hayır,evet
"Deivid","tek kelimelik isim (soyadsız — genelde Brezilya/Portekiz futbolunda gerçek ama gözden geçirilmeye değer)",10,"Coritiba",26,hayır,evet
"Denílson","tek kelimelik isim (soyadsız — genelde Brezilya/Portekiz futbolunda gerçek ama gözden geçirilmeye değer)",10,"Kavala",26,hayır,evet
"Derley","tek kelimelik isim (soyadsız — genelde Brezilya/Portekiz futbolunda gerçek ama gözden geçirilmeye değer)",17,"Chonburi",26,hayır,evet
"Deyverson","tek kelimelik isim (soyadsız — genelde Brezilya/Portekiz futbolunda gerçek ama gözden geçirilmeye değer)",12,"LDU Quito",26,hayır,evet
"Dioni","tek kelimelik isim (soyadsız — genelde Brezilya/Portekiz futbolunda gerçek ama gözden geçirilmeye değer)",19,"Juventud Torremolinos",26,hayır,evet
"Djaniny","tek kelimelik isim (soyadsız — genelde Brezilya/Portekiz futbolunda gerçek ama gözden geçirilmeye değer)",10,"Al Fateh",26,hayır,evet
"Edinho","tek kelimelik isim (soyadsız — genelde Brezilya/Portekiz futbolunda gerçek ama gözden geçirilmeye değer)",19,"Olímpico Montijo",26,hayır,evet
"Ewandro","tek kelimelik isim (soyadsız — genelde Brezilya/Portekiz futbolunda gerçek ama gözden geçirilmeye değer)",13,"Omonia",26,hayır,evet
"Fabiano","tek kelimelik isim (soyadsız — genelde Brezilya/Portekiz futbolunda gerçek ama gözden geçirilmeye değer)",12,"Criciúma",26,hayır,evet
"Fabrício","tek kelimelik isim (soyadsız — genelde Brezilya/Portekiz futbolunda gerçek ama gözden geçirilmeye değer)",12,"Remo",26,hayır,evet
"Fernandão","tek kelimelik isim (soyadsız — genelde Brezilya/Portekiz futbolunda gerçek ama gözden geçirilmeye değer)",15,"Goiás",26,hayır,evet
"Fofo","tek kelimelik isim (soyadsız — genelde Brezilya/Portekiz futbolunda gerçek ama gözden geçirilmeye değer)",12,"Mutxamel",26,hayır,evet
"Gabri","tek kelimelik isim (soyadsız — genelde Brezilya/Portekiz futbolunda gerçek ama gözden geçirilmeye değer)",17,"Portmany",26,hayır,evet
"Gabriel","tek kelimelik isim (soyadsız — genelde Brezilya/Portekiz futbolunda gerçek ama gözden geçirilmeye değer)",12,"Sport Recife",26,hayır,evet
"Gegê","tek kelimelik isim (soyadsız — genelde Brezilya/Portekiz futbolunda gerçek ama gözden geçirilmeye değer)",11,"Goiás",26,hayır,evet
"Gilberto","tek kelimelik isim (soyadsız — genelde Brezilya/Portekiz futbolunda gerçek ama gözden geçirilmeye değer)",12,"Araxá",26,hayır,evet
"Gladestony","tek kelimelik isim (soyadsız — genelde Brezilya/Portekiz futbolunda gerçek ama gözden geçirilmeye değer)",14,"Fidelis Andria",26,hayır,evet
"Guilherme","tek kelimelik isim (soyadsız — genelde Brezilya/Portekiz futbolunda gerçek ama gözden geçirilmeye değer)",13,"Cianorte",26,hayır,evet
"Henrique","tek kelimelik isim (soyadsız — genelde Brezilya/Portekiz futbolunda gerçek ama gözden geçirilmeye değer)",10,"Belenenses SAD",26,hayır,evet
"Ibson","tek kelimelik isim (soyadsız — genelde Brezilya/Portekiz futbolunda gerçek ama gözden geçirilmeye değer)",12,"Nacional de Muriaé",26,hayır,evet
"Iriney","tek kelimelik isim (soyadsız — genelde Brezilya/Portekiz futbolunda gerçek ama gözden geçirilmeye değer)",10,"Mallorca",26,hayır,evet
"Jackson","tek kelimelik isim (soyadsız — genelde Brezilya/Portekiz futbolunda gerçek ama gözden geçirilmeye değer)",10,"Rustavi",26,hayır,evet
"Jadson","tek kelimelik isim (soyadsız — genelde Brezilya/Portekiz futbolunda gerçek ama gözden geçirilmeye değer)",10,"Athletico Paranaense",26,hayır,evet
"Jandro","tek kelimelik isim (soyadsız — genelde Brezilya/Portekiz futbolunda gerçek ama gözden geçirilmeye değer)",13,"La Nucía",26,hayır,evet
"Javito","tek kelimelik isim (soyadsız — genelde Brezilya/Portekiz futbolunda gerçek ama gözden geçirilmeye değer)",13,"Moraleja",26,hayır,evet
"Jeda","tek kelimelik isim (soyadsız — genelde Brezilya/Portekiz futbolunda gerçek ama gözden geçirilmeye değer)",21,"Zeta Milano",26,hayır,evet
"Jesé","tek kelimelik isim (soyadsız — genelde Brezilya/Portekiz futbolunda gerçek ama gözden geçirilmeye değer)",11,"Johor Darul Ta'zim",26,hayır,evet
"Jô","tek kelimelik isim (soyadsız — genelde Brezilya/Portekiz futbolunda gerçek ama gözden geçirilmeye değer)",14,"Itabirito",26,hayır,evet
"Jony","tek kelimelik isim (soyadsız — genelde Brezilya/Portekiz futbolunda gerçek ama gözden geçirilmeye değer)",19,"Costa City",26,hayır,evet
"Jorge","tek kelimelik isim (soyadsız — genelde Brezilya/Portekiz futbolunda gerçek ama gözden geçirilmeye değer)",11,"Remo",26,hayır,evet
"Joselu","tek kelimelik isim (soyadsız — genelde Brezilya/Portekiz futbolunda gerçek ama gözden geçirilmeye değer)",10,"Tenerife",26,hayır,evet
"Josema","tek kelimelik isim (soyadsız — genelde Brezilya/Portekiz futbolunda gerçek ama gözden geçirilmeye değer)",12,"Górnik Zabrze",26,hayır,evet
"Jozabed","tek kelimelik isim (soyadsız — genelde Brezilya/Portekiz futbolunda gerçek ama gözden geçirilmeye değer)",10,"Lugo",26,hayır,evet
"Juande","tek kelimelik isim (soyadsız — genelde Brezilya/Portekiz futbolunda gerçek ama gözden geçirilmeye değer)",10,"Adelaide United",26,hayır,evet
"Juanjo","tek kelimelik isim (soyadsız — genelde Brezilya/Portekiz futbolunda gerçek ama gözden geçirilmeye değer)",12,"Almería",26,hayır,evet
"Juli","tek kelimelik isim (soyadsız — genelde Brezilya/Portekiz futbolunda gerçek ama gözden geçirilmeye değer)",13,"Ontinyent 1931",26,hayır,evet
"Kadu","tek kelimelik isim (soyadsız — genelde Brezilya/Portekiz futbolunda gerçek ama gözden geçirilmeye değer)",18,"Penapolense",26,hayır,evet
"Kahraba","tek kelimelik isim (soyadsız — genelde Brezilya/Portekiz futbolunda gerçek ama gözden geçirilmeye değer)",10,"Al Qadsia",26,hayır,evet
"Keko","tek kelimelik isim (soyadsız — genelde Brezilya/Portekiz futbolunda gerçek ama gözden geçirilmeye değer)",13,"San Diego Sockers (indoor)",26,hayır,evet
"Leandrinho","tek kelimelik isim (soyadsız — genelde Brezilya/Portekiz futbolunda gerçek ama gözden geçirilmeye değer)",16,"Ponte Preta",26,hayır,evet
"Licá","tek kelimelik isim (soyadsız — genelde Brezilya/Portekiz futbolunda gerçek ama gözden geçirilmeye değer)",14,"Lamelas",26,hayır,evet
"Lillo","tek kelimelik isim (soyadsız — genelde Brezilya/Portekiz futbolunda gerçek ama gözden geçirilmeye değer)",14,"Melilla",26,hayır,evet
"Luan","tek kelimelik isim (soyadsız — genelde Brezilya/Portekiz futbolunda gerçek ama gözden geçirilmeye değer)",16,"Betim",26,hayır,evet
"Luso","tek kelimelik isim (soyadsız — genelde Brezilya/Portekiz futbolunda gerçek ama gözden geçirilmeye değer)",13,"La Almunia",26,hayır,evet
"Maicon","tek kelimelik isim (soyadsız — genelde Brezilya/Portekiz futbolunda gerçek ama gözden geçirilmeye değer)",15,"Tre Penne",26,hayır,evet
"Mandi","tek kelimelik isim (soyadsız — genelde Brezilya/Portekiz futbolunda gerçek ama gözden geçirilmeye değer)",12,"Lincoln Red Imps",26,hayır,evet
"Manolo","tek kelimelik isim (soyadsız — genelde Brezilya/Portekiz futbolunda gerçek ama gözden geçirilmeye değer)",11,"Caravaca",26,hayır,evet
"Marcão","tek kelimelik isim (soyadsız — genelde Brezilya/Portekiz futbolunda gerçek ama gözden geçirilmeye değer)",10,"Ulsan HD",26,hayır,evet
"Marcelinho","tek kelimelik isim (soyadsız — genelde Brezilya/Portekiz futbolunda gerçek ama gözden geçirilmeye değer)",13,"Atlético Vega",26,hayır,evet
"Mariano","tek kelimelik isim (soyadsız — genelde Brezilya/Portekiz futbolunda gerçek ama gözden geçirilmeye değer)",10,"América Mineiro",26,hayır,evet
"Marino","tek kelimelik isim (soyadsız — genelde Brezilya/Portekiz futbolunda gerçek ama gözden geçirilmeye değer)",20,"Betim",26,hayır,evet
"Marquinho","tek kelimelik isim (soyadsız — genelde Brezilya/Portekiz futbolunda gerçek ama gözden geçirilmeye değer)",11,"Vasco da Gama",26,hayır,evet
"Matuzalém","tek kelimelik isim (soyadsız — genelde Brezilya/Portekiz futbolunda gerçek ama gözden geçirilmeye değer)",14,"Nuova Monterosi",26,hayır,evet
"Maurício","tek kelimelik isim (soyadsız — genelde Brezilya/Portekiz futbolunda gerçek ama gözden geçirilmeye değer)",15,"Chapecoense",26,hayır,evet
"Maurides","tek kelimelik isim (soyadsız — genelde Brezilya/Portekiz futbolunda gerçek ama gözden geçirilmeye değer)",12,"Dinamo Batumi",26,hayır,evet
"Máyor","tek kelimelik isim (soyadsız — genelde Brezilya/Portekiz futbolunda gerçek ama gözden geçirilmeye değer)",16,"Jove Español",26,hayır,evet
"Mexer","tek kelimelik isim (soyadsız — genelde Brezilya/Portekiz futbolunda gerçek ama gözden geçirilmeye değer)",10,"Keçiörengücü",26,hayır,evet
"Mika","tek kelimelik isim (soyadsız — genelde Brezilya/Portekiz futbolunda gerçek ama gözden geçirilmeye değer)",10,"Moreirense",26,hayır,evet
"Miku","tek kelimelik isim (soyadsız — genelde Brezilya/Portekiz futbolunda gerçek ama gözden geçirilmeye değer)",18,"Metropolitanos",26,hayır,evet
"Moha","tek kelimelik isim (soyadsız — genelde Brezilya/Portekiz futbolunda gerçek ama gözden geçirilmeye değer)",11,"Manresa",26,hayır,evet
"Naldo","tek kelimelik isim (soyadsız — genelde Brezilya/Portekiz futbolunda gerçek ama gözden geçirilmeye değer)",19,"Leixões",26,hayır,evet
"Nani","tek kelimelik isim (soyadsız — genelde Brezilya/Portekiz futbolunda gerçek ama gözden geçirilmeye değer)",11,"Aktobe",26,hayır,evet
"Nanu","tek kelimelik isim (soyadsız — genelde Brezilya/Portekiz futbolunda gerçek ama gözden geçirilmeye değer)",11,"APOEL",26,hayır,evet
"Nenê","tek kelimelik isim (soyadsız — genelde Brezilya/Portekiz futbolunda gerçek ama gözden geçirilmeye değer)",16,"Botafogo-PB",26,hayır,evet
"Neuton","tek kelimelik isim (soyadsız — genelde Brezilya/Portekiz futbolunda gerçek ama gözden geçirilmeye değer)",14,"Azuriz",26,hayır,evet
"Nili","tek kelimelik isim (soyadsız — genelde Brezilya/Portekiz futbolunda gerçek ama gözden geçirilmeye değer)",13,"Kalamata",26,hayır,evet
"Nílson","tek kelimelik isim (soyadsız — genelde Brezilya/Portekiz futbolunda gerçek ama gözden geçirilmeye değer)",22,"Nacional",26,hayır,evet
"Nivaldo","tek kelimelik isim (soyadsız — genelde Brezilya/Portekiz futbolunda gerçek ama gözden geçirilmeye değer)",18,"Ashville",26,hayır,evet
"Nolito","tek kelimelik isim (soyadsız — genelde Brezilya/Portekiz futbolunda gerçek ama gözden geçirilmeye değer)",10,"Ibiza",26,hayır,evet
"Octávio","tek kelimelik isim (soyadsız — genelde Brezilya/Portekiz futbolunda gerçek ama gözden geçirilmeye değer)",12,"Sumgayit",26,hayır,evet
"Paulinho","tek kelimelik isim (soyadsız — genelde Brezilya/Portekiz futbolunda gerçek ama gözden geçirilmeye değer)",10,"Wieczysta Kraków II",26,hayır,evet
"Petros","tek kelimelik isim (soyadsız — genelde Brezilya/Portekiz futbolunda gerçek ama gözden geçirilmeye değer)",13,"Al-Okhdood",26,hayır,evet
"Pibe","tek kelimelik isim (soyadsız — genelde Brezilya/Portekiz futbolunda gerçek ama gözden geçirilmeye değer)",12,"Aktobe",26,hayır,evet
"Pinchi","tek kelimelik isim (soyadsız — genelde Brezilya/Portekiz futbolunda gerçek ama gözden geçirilmeye değer)",11,"Volos",26,hayır,evet
"Pipa","tek kelimelik isim (soyadsız — genelde Brezilya/Portekiz futbolunda gerçek ama gözden geçirilmeye değer)",10,"Sabadell",26,hayır,evet
"Piti","tek kelimelik isim (soyadsız — genelde Brezilya/Portekiz futbolunda gerçek ama gözden geçirilmeye değer)",14,"Atlético Pinto",26,hayır,evet
"Pitu","tek kelimelik isim (soyadsız — genelde Brezilya/Portekiz futbolunda gerçek ama gözden geçirilmeye değer)",10,"Pune City",26,hayır,evet
"Rafita","tek kelimelik isim (soyadsız — genelde Brezilya/Portekiz futbolunda gerçek ama gözden geçirilmeye değer)",14,"Calpe",26,hayır,evet
"Reginaldo","tek kelimelik isim (soyadsız — genelde Brezilya/Portekiz futbolunda gerçek ama gözden geçirilmeye değer)",16,"Catona",26,hayır,evet
"Renan","tek kelimelik isim (soyadsız — genelde Brezilya/Portekiz futbolunda gerçek ama gözden geçirilmeye değer)",10,"Marcílio Dias",26,hayır,evet
"Ricardo","tek kelimelik isim (soyadsız — genelde Brezilya/Portekiz futbolunda gerçek ama gözden geçirilmeye değer)",7,"Osasuna",26,hayır,evet
"Richard","tek kelimelik isim (soyadsız — genelde Brezilya/Portekiz futbolunda gerçek ama gözden geçirilmeye değer)",11,"Internacional",26,hayır,evet
"Rômulo","tek kelimelik isim (soyadsız — genelde Brezilya/Portekiz futbolunda gerçek ama gözden geçirilmeye değer)",12,"Brescia",26,hayır,evet
"Salva","tek kelimelik isim (soyadsız — genelde Brezilya/Portekiz futbolunda gerçek ama gözden geçirilmeye değer)",5,"Rayo Vallecano",26,hayır,evet
"Sammir","tek kelimelik isim (soyadsız — genelde Brezilya/Portekiz futbolunda gerçek ama gözden geçirilmeye değer)",13,"Apotheos FC",26,hayır,evet
"Sandro","tek kelimelik isim (soyadsız — genelde Brezilya/Portekiz futbolunda gerçek ama gözden geçirilmeye değer)",11,"Harborough Town",26,hayır,evet
"Saulo","tek kelimelik isim (soyadsız — genelde Brezilya/Portekiz futbolunda gerçek ama gözden geçirilmeye değer)",14,"Chapecoense",26,hayır,evet
"Schumacher","tek kelimelik isim (soyadsız — genelde Brezilya/Portekiz futbolunda gerçek ama gözden geçirilmeye değer)",17,"Capão Raso",26,hayır,evet
"Sidnei","tek kelimelik isim (soyadsız — genelde Brezilya/Portekiz futbolunda gerçek ama gözden geçirilmeye değer)",11,"Ceará",26,hayır,evet
"Sílvio","tek kelimelik isim (soyadsız — genelde Brezilya/Portekiz futbolunda gerçek ama gözden geçirilmeye değer)",12,"Vilafranquense",26,hayır,evet
"Sito","tek kelimelik isim (soyadsız — genelde Brezilya/Portekiz futbolunda gerçek ama gözden geçirilmeye değer)",13,"Arnedo",26,hayır,evet
"Sodinha","tek kelimelik isim (soyadsız — genelde Brezilya/Portekiz futbolunda gerçek ama gözden geçirilmeye değer)",16,"Atletico Offlaga",26,hayır,evet
"Tana","tek kelimelik isim (soyadsız — genelde Brezilya/Portekiz futbolunda gerçek ama gözden geçirilmeye değer)",13,"Ratchaburi",26,hayır,evet
"Titi","tek kelimelik isim (soyadsız — genelde Brezilya/Portekiz futbolunda gerçek ama gözden geçirilmeye değer)",10,"Juventude",26,hayır,evet
"Toché","tek kelimelik isim (soyadsız — genelde Brezilya/Portekiz futbolunda gerçek ama gözden geçirilmeye değer)",12,"Orihuela",26,hayır,evet
"Tomané","tek kelimelik isim (soyadsız — genelde Brezilya/Portekiz futbolunda gerçek ama gözden geçirilmeye değer)",12,"AVS",26,hayır,evet
"Tropi","tek kelimelik isim (soyadsız — genelde Brezilya/Portekiz futbolunda gerçek ama gözden geçirilmeye değer)",11,"Águilas",26,hayır,evet
"Txiki","tek kelimelik isim (soyadsız — genelde Brezilya/Portekiz futbolunda gerçek ama gözden geçirilmeye değer)",15,"Algar",26,hayır,evet
"Verza","tek kelimelik isim (soyadsız — genelde Brezilya/Portekiz futbolunda gerçek ama gözden geçirilmeye değer)",11,"Murcia",26,hayır,evet
"Wellington","tek kelimelik isim (soyadsız — genelde Brezilya/Portekiz futbolunda gerçek ama gözden geçirilmeye değer)",10,"Ankara Keçiörengücü",26,hayır,evet
"Welliton","tek kelimelik isim (soyadsız — genelde Brezilya/Portekiz futbolunda gerçek ama gözden geçirilmeye değer)",11,"Novorizontino",26,hayır,evet
"Xisco","tek kelimelik isim (soyadsız — genelde Brezilya/Portekiz futbolunda gerçek ama gözden geçirilmeye değer)",12,"Atlético Baleares",26,hayır,evet
"Yuma","tek kelimelik isim (soyadsız — genelde Brezilya/Portekiz futbolunda gerçek ama gözden geçirilmeye değer)",10,"El Paso Locomotive",26,hayır,evet
"Adryelson","tek kelimelik isim (soyadsız — genelde Brezilya/Portekiz futbolunda gerçek ama gözden geçirilmeye değer)",5,"Anderlecht",25,hayır,evet
"Allan","tek kelimelik isim (soyadsız — genelde Brezilya/Portekiz futbolunda gerçek ama gözden geçirilmeye değer)",6,"Botafogo",25,hayır,evet
"Antony","tek kelimelik isim (soyadsız — genelde Brezilya/Portekiz futbolunda gerçek ama gözden geçirilmeye değer)",4,"Betis",25,hayır,evet
"Bastos","tek kelimelik isim (soyadsız — genelde Brezilya/Portekiz futbolunda gerçek ama gözden geçirilmeye değer)",6,"Botafogo",25,hayır,evet
"Bernard","tek kelimelik isim (soyadsız — genelde Brezilya/Portekiz futbolunda gerçek ama gözden geçirilmeye değer)",6,"Panathinaikos",25,hayır,evet
"Betinho","tek kelimelik isim (soyadsız — genelde Brezilya/Portekiz futbolunda gerçek ama gözden geçirilmeye değer)",9,"Dragões Sandinenses",25,hayır,evet
"Bobô","tek kelimelik isim (soyadsız — genelde Brezilya/Portekiz futbolunda gerçek ama gözden geçirilmeye değer)",9,"Oeste",25,hayır,evet
"Brenner","tek kelimelik isim (soyadsız — genelde Brezilya/Portekiz futbolunda gerçek ama gözden geçirilmeye değer)",5,"Vasco da Gama",25,hayır,evet
"Burgui","tek kelimelik isim (soyadsız — genelde Brezilya/Portekiz futbolunda gerçek ama gözden geçirilmeye değer)",7,"Šibenik",25,hayır,evet
"Calebe","tek kelimelik isim (soyadsız — genelde Brezilya/Portekiz futbolunda gerçek ama gözden geçirilmeye değer)",5,"Internacional",25,hayır,evet
"Camilo","tek kelimelik isim (soyadsız — genelde Brezilya/Portekiz futbolunda gerçek ama gözden geçirilmeye değer)",7,"Chapecoense",25,hayır,evet
"Capita","tek kelimelik isim (soyadsız — genelde Brezilya/Portekiz futbolunda gerçek ama gözden geçirilmeye değer)",7,"Sporting Kansas City",25,hayır,evet
"Casemiro","tek kelimelik isim (soyadsız — genelde Brezilya/Portekiz futbolunda gerçek ama gözden geçirilmeye değer)",6,"Inter Miami",25,hayır,evet
"Chechu","tek kelimelik isim (soyadsız — genelde Brezilya/Portekiz futbolunda gerçek ama gözden geçirilmeye değer)",7,"Callosa Deportiva",25,hayır,evet
"Chico","tek kelimelik isim (soyadsız — genelde Brezilya/Portekiz futbolunda gerçek ama gözden geçirilmeye değer)",8,"FC Cascavel",25,hayır,evet
"China","tek kelimelik isim (soyadsız — genelde Brezilya/Portekiz futbolunda gerçek ama gözden geçirilmeye değer)",6,"Bangu",25,hayır,evet
"Chiquinho","tek kelimelik isim (soyadsız — genelde Brezilya/Portekiz futbolunda gerçek ama gözden geçirilmeye değer)",4,"Austria Kärnten",25,hayır,evet
"Coke","tek kelimelik isim (soyadsız — genelde Brezilya/Portekiz futbolunda gerçek ama gözden geçirilmeye değer)",7,"Atlético Sanluqueño",25,hayır,evet
"Coro","tek kelimelik isim (soyadsız — genelde Brezilya/Portekiz futbolunda gerçek ama gözden geçirilmeye değer)",9,"Atlético Baleares",25,hayır,evet
"Costinha","tek kelimelik isim (soyadsız — genelde Brezilya/Portekiz futbolunda gerçek ama gözden geçirilmeye değer)",8,"Atalanta",25,hayır,evet
"Cuiabano","tek kelimelik isim (soyadsız — genelde Brezilya/Portekiz futbolunda gerçek ama gözden geçirilmeye değer)",4,"Vasco da Gama",25,hayır,evet
"Cyriac","tek kelimelik isim (soyadsız — genelde Brezilya/Portekiz futbolunda gerçek ama gözden geçirilmeye değer)",9,"URSL Visé",25,hayır,evet
"Danilo","tek kelimelik isim (soyadsız — genelde Brezilya/Portekiz futbolunda gerçek ama gözden geçirilmeye değer)",9,"APOEL",25,hayır,evet
"Dentinho","tek kelimelik isim (soyadsız — genelde Brezilya/Portekiz futbolunda gerçek ama gözden geçirilmeye değer)",6,"Brasiliense",25,hayır,evet
"Diego","tek kelimelik isim (soyadsız — genelde Brezilya/Portekiz futbolunda gerçek ama gözden geçirilmeye değer)",8,"Flamengo",25,hayır,evet
"Dodô","tek kelimelik isim (soyadsız — genelde Brezilya/Portekiz futbolunda gerçek ama gözden geçirilmeye değer)",9,"Afogados",25,hayır,evet
"Dória","tek kelimelik isim (soyadsız — genelde Brezilya/Portekiz futbolunda gerçek ama gözden geçirilmeye değer)",8,"Atlas",25,hayır,evet
"Edenilson","tek kelimelik isim (soyadsız — genelde Brezilya/Portekiz futbolunda gerçek ama gözden geçirilmeye değer)",8,"Botafogo",25,hayır,evet
"Eder","tek kelimelik isim (soyadsız — genelde Brezilya/Portekiz futbolunda gerçek ama gözden geçirilmeye değer)",8,"Al Raed",25,hayır,evet
"Éder","tek kelimelik isim (soyadsız — genelde Brezilya/Portekiz futbolunda gerçek ama gözden geçirilmeye değer)",9,"São Paulo",25,hayır,evet
"Eduardo","tek kelimelik isim (soyadsız — genelde Brezilya/Portekiz futbolunda gerçek ama gözden geçirilmeye değer)",6,"Brasil de Farroupilha",25,hayır,evet
"Estrela","tek kelimelik isim (soyadsız — genelde Brezilya/Portekiz futbolunda gerçek ama gözden geçirilmeye değer)",8,"Suzhou Dongwu",25,hayır,evet
"Fabinho","tek kelimelik isim (soyadsız — genelde Brezilya/Portekiz futbolunda gerçek ama gözden geçirilmeye değer)",7,"Al-Ittihad",25,hayır,evet
"Fabio","tek kelimelik isim (soyadsız — genelde Brezilya/Portekiz futbolunda gerçek ama gözden geçirilmeye değer)",6,"Grêmio",25,hayır,evet
"Fagner","tek kelimelik isim (soyadsız — genelde Brezilya/Portekiz futbolunda gerçek ama gözden geçirilmeye değer)",6,"Cruzeiro",25,hayır,evet
"Felipe","tek kelimelik isim (soyadsız — genelde Brezilya/Portekiz futbolunda gerçek ama gözden geçirilmeye değer)",7,"Al Sadd",25,hayır,evet
"Fernandinho","tek kelimelik isim (soyadsız — genelde Brezilya/Portekiz futbolunda gerçek ama gözden geçirilmeye değer)",4,"Athletico Paranaense",25,hayır,evet
"Fernando","tek kelimelik isim (soyadsız — genelde Brezilya/Portekiz futbolunda gerçek ama gözden geçirilmeye değer)",7,"Al-Jazira",25,hayır,evet
"Ferro","tek kelimelik isim (soyadsız — genelde Brezilya/Portekiz futbolunda gerçek ama gözden geçirilmeye değer)",7,"Estoril",25,hayır,evet
"Fred","tek kelimelik isim (soyadsız — genelde Brezilya/Portekiz futbolunda gerçek ama gözden geçirilmeye değer)",5,"Atlético Mineiro",25,hayır,evet
"Gerson","tek kelimelik isim (soyadsız — genelde Brezilya/Portekiz futbolunda gerçek ama gözden geçirilmeye değer)",7,"Cruzeiro",25,hayır,evet
"Gervinho","tek kelimelik isim (soyadsız — genelde Brezilya/Portekiz futbolunda gerçek ama gözden geçirilmeye değer)",9,"Aris",25,hayır,evet
"Gori","tek kelimelik isim (soyadsız — genelde Brezilya/Portekiz futbolunda gerçek ama gözden geçirilmeye değer)",5,"Juventud Torremolinos",25,hayır,evet
"Hernanes","tek kelimelik isim (soyadsız — genelde Brezilya/Portekiz futbolunda gerçek ama gözden geçirilmeye değer)",7,"Sport Recife",25,hayır,evet
"Hernani","tek kelimelik isim (soyadsız — genelde Brezilya/Portekiz futbolunda gerçek ama gözden geçirilmeye değer)",9,"Palermo",25,hayır,evet
"Iago","tek kelimelik isim (soyadsız — genelde Brezilya/Portekiz futbolunda gerçek ama gözden geçirilmeye değer)",4,"São Paulo",25,hayır,evet
"Igor","tek kelimelik isim (soyadsız — genelde Brezilya/Portekiz futbolunda gerçek ama gözden geçirilmeye değer)",7,"Santo André",25,hayır,evet
"Índio","tek kelimelik isim (soyadsız — genelde Brezilya/Portekiz futbolunda gerçek ama gözden geçirilmeye değer)",9,"Flamurtari",25,hayır,evet
"Isco","tek kelimelik isim (soyadsız — genelde Brezilya/Portekiz futbolunda gerçek ama gözden geçirilmeye değer)",6,"Betis",25,hayır,evet
"Isi","tek kelimelik isim (soyadsız — genelde Brezilya/Portekiz futbolunda gerçek ama gözden geçirilmeye değer)",8,"Murcia",25,hayır,evet
"Jailson","tek kelimelik isim (soyadsız — genelde Brezilya/Portekiz futbolunda gerçek ama gözden geçirilmeye değer)",7,"Los Angeles",25,hayır,evet
"Jandrei","tek kelimelik isim (soyadsız — genelde Brezilya/Portekiz futbolunda gerçek ama gözden geçirilmeye değer)",8,"Juventude",25,hayır,evet
"Jeffinho","tek kelimelik isim (soyadsız — genelde Brezilya/Portekiz futbolunda gerçek ama gözden geçirilmeye değer)",5,"Liaoning Tieren",25,hayır,evet
"Jemerson","tek kelimelik isim (soyadsız — genelde Brezilya/Portekiz futbolunda gerçek ama gözden geçirilmeye değer)",7,"Grêmio",25,hayır,evet
"Joca","tek kelimelik isim (soyadsız — genelde Brezilya/Portekiz futbolunda gerçek ama gözden geçirilmeye değer)",7,"Volos",25,hayır,evet
"Joel","tek kelimelik isim (soyadsız — genelde Brezilya/Portekiz futbolunda gerçek ama gözden geçirilmeye değer)",4,"Vitória",25,hayır,evet
"Jonathan","tek kelimelik isim (soyadsız — genelde Brezilya/Portekiz futbolunda gerçek ama gözden geçirilmeye değer)",5,"Ituano",25,hayır,evet
"Jorginho","tek kelimelik isim (soyadsız — genelde Brezilya/Portekiz futbolunda gerçek ama gözden geçirilmeye değer)",6,"Flamengo",25,hayır,evet
"Joselito","tek kelimelik isim (soyadsız — genelde Brezilya/Portekiz futbolunda gerçek ama gözden geçirilmeye değer)",4,"Spezia",25,hayır,evet
"Josete","tek kelimelik isim (soyadsız — genelde Brezilya/Portekiz futbolunda gerçek ama gözden geçirilmeye değer)",6,"Lleida",25,hayır,evet
"Juan","tek kelimelik isim (soyadsız — genelde Brezilya/Portekiz futbolunda gerçek ama gözden geçirilmeye değer)",4,"Internacional",25,hayır,evet
"Juanfran","tek kelimelik isim (soyadsız — genelde Brezilya/Portekiz futbolunda gerçek ama gözden geçirilmeye değer)",7,"AEK Athens",25,hayır,evet
"Juanito","tek kelimelik isim (soyadsız — genelde Brezilya/Portekiz futbolunda gerçek ama gözden geçirilmeye değer)",5,"Extremadura",25,hayır,evet
"Juanje","tek kelimelik isim (soyadsız — genelde Brezilya/Portekiz futbolunda gerçek ama gözden geçirilmeye değer)",8,"Lincoln Red Imps",25,hayır,evet
"Juanma","tek kelimelik isim (soyadsız — genelde Brezilya/Portekiz futbolunda gerçek ama gözden geçirilmeye değer)",7,"Alavés",25,hayır,evet
"Juanpe","tek kelimelik isim (soyadsız — genelde Brezilya/Portekiz futbolunda gerçek ama gözden geçirilmeye değer)",7,"Atlético San Luis",25,hayır,evet
"Jubal","tek kelimelik isim (soyadsız — genelde Brezilya/Portekiz futbolunda gerçek ama gözden geçirilmeye değer)",9,"Krasnodar",25,hayır,evet
"Kayky","tek kelimelik isim (soyadsız — genelde Brezilya/Portekiz futbolunda gerçek ama gözden geçirilmeye değer)",6,"Internacional",25,hayır,evet
"Kenedy","tek kelimelik isim (soyadsız — genelde Brezilya/Portekiz futbolunda gerçek ama gözden geçirilmeye değer)",9,"Pachuca",25,hayır,evet
"Kiko","tek kelimelik isim (soyadsız — genelde Brezilya/Portekiz futbolunda gerçek ama gözden geçirilmeye değer)",9,"Cartagena",25,hayır,evet
"Lincoln","tek kelimelik isim (soyadsız — genelde Brezilya/Portekiz futbolunda gerçek ama gözden geçirilmeye değer)",8,"Alverca",25,hayır,evet
"Lourency","tek kelimelik isim (soyadsız — genelde Brezilya/Portekiz futbolunda gerçek ama gözden geçirilmeye değer)",7,"Khor Fakkan",25,hayır,evet
"Luismi","tek kelimelik isim (soyadsız — genelde Brezilya/Portekiz futbolunda gerçek ama gözden geçirilmeye değer)",8,"Málaga",25,hayır,evet
"Luizão","tek kelimelik isim (soyadsız — genelde Brezilya/Portekiz futbolunda gerçek ama gözden geçirilmeye değer)",6,"São Bernardo",25,hayır,evet
"Lyanco","tek kelimelik isim (soyadsız — genelde Brezilya/Portekiz futbolunda gerçek ama gözden geçirilmeye değer)",6,"Atlético Mineiro",25,hayır,evet
"Malcom","tek kelimelik isim (soyadsız — genelde Brezilya/Portekiz futbolunda gerçek ama gözden geçirilmeye değer)",6,"Al Jazira",25,hayır,evet
"Manoel","tek kelimelik isim (soyadsız — genelde Brezilya/Portekiz futbolunda gerçek ama gözden geçirilmeye değer)",6,"América Mineiro",25,hayır,evet
"Manu","tek kelimelik isim (soyadsız — genelde Brezilya/Portekiz futbolunda gerçek ama gözden geçirilmeye değer)",6,"Ourense",25,hayır,evet
"Marcelo","tek kelimelik isim (soyadsız — genelde Brezilya/Portekiz futbolunda gerçek ama gözden geçirilmeye değer)",9,"Western Sydney Wanderers",25,hayır,evet
"Marinho","tek kelimelik isim (soyadsız — genelde Brezilya/Portekiz futbolunda gerçek ama gözden geçirilmeye değer)",7,"Corinthians",25,hayır,evet
"Marlinho","tek kelimelik isim (soyadsız — genelde Brezilya/Portekiz futbolunda gerçek ama gözden geçirilmeye değer)",7,"Angra dos Reis",25,hayır,evet
"Marlon","tek kelimelik isim (soyadsız — genelde Brezilya/Portekiz futbolunda gerçek ama gözden geçirilmeye değer)",7,"Grêmio",25,hayır,evet
"Marquitos","tek kelimelik isim (soyadsız — genelde Brezilya/Portekiz futbolunda gerçek ama gözden geçirilmeye değer)",6,"Toluca Santander",25,hayır,evet
"Mesca","tek kelimelik isim (soyadsız — genelde Brezilya/Portekiz futbolunda gerçek ama gözden geçirilmeye değer)",5,"Doxa Katokopias",25,hayır,evet
"Miguelón","tek kelimelik isim (soyadsız — genelde Brezilya/Portekiz futbolunda gerçek ama gözden geçirilmeye değer)",9,"Torrent",25,hayır,evet
"Miranda","tek kelimelik isim (soyadsız — genelde Brezilya/Portekiz futbolunda gerçek ama gözden geçirilmeye değer)",6,"Jiangsu Suning",25,hayır,evet
"Monchu","tek kelimelik isim (soyadsız — genelde Brezilya/Portekiz futbolunda gerçek ama gözden geçirilmeye değer)",7,"Juárez",25,hayır,evet
"Natan","tek kelimelik isim (soyadsız — genelde Brezilya/Portekiz futbolunda gerçek ama gözden geçirilmeye değer)",4,"Betis",25,hayır,evet
"Nathan","tek kelimelik isim (soyadsız — genelde Brezilya/Portekiz futbolunda gerçek ama gözden geçirilmeye değer)",9,"Remo",25,hayır,evet
"Neto","tek kelimelik isim (soyadsız — genelde Brezilya/Portekiz futbolunda gerçek ama gözden geçirilmeye değer)",8,"Botafogo",25,hayır,evet
"Nono","tek kelimelik isim (soyadsız — genelde Brezilya/Portekiz futbolunda gerçek ama gözden geçirilmeye değer)",9,"Korona Kielce",25,hayır,evet
"Oscar","tek kelimelik isim (soyadsız — genelde Brezilya/Portekiz futbolunda gerçek ama gözden geçirilmeye değer)",4,"Shanghai Port",25,hayır,evet
"Pejiño","tek kelimelik isim (soyadsız — genelde Brezilya/Portekiz futbolunda gerçek ama gözden geçirilmeye değer)",9,"Eibar",25,hayır,evet
"Quini","tek kelimelik isim (soyadsız — genelde Brezilya/Portekiz futbolunda gerçek ama gözden geçirilmeye değer)",9,"Atromitos",25,hayır,evet
"Rafael","tek kelimelik isim (soyadsız — genelde Brezilya/Portekiz futbolunda gerçek ama gözden geçirilmeye değer)",4,"Botafogo",25,hayır,evet
"Raffael","tek kelimelik isim (soyadsız — genelde Brezilya/Portekiz futbolunda gerçek ama gözden geçirilmeye değer)",9,"Ay-Yildizspor",25,hayır,evet
"Rafinha","tek kelimelik isim (soyadsız — genelde Brezilya/Portekiz futbolunda gerçek ama gözden geçirilmeye değer)",8,"São Paulo",25,hayır,evet
"Ramon","tek kelimelik isim (soyadsız — genelde Brezilya/Portekiz futbolunda gerçek ama gözden geçirilmeye değer)",7,"Vitória",25,hayır,evet
"Redru","tek kelimelik isim (soyadsız — genelde Brezilya/Portekiz futbolunda gerçek ama gözden geçirilmeye değer)",8,"Ceuta",25,hayır,evet
"Réver","tek kelimelik isim (soyadsız — genelde Brezilya/Portekiz futbolunda gerçek ama gözden geçirilmeye değer)",7,"Flamengo",25,hayır,evet
"Rhaldney","tek kelimelik isim (soyadsız — genelde Brezilya/Portekiz futbolunda gerçek ama gözden geçirilmeye değer)",4,"Alverca",25,hayır,evet
"Rhodolfo","tek kelimelik isim (soyadsız — genelde Brezilya/Portekiz futbolunda gerçek ama gözden geçirilmeye değer)",7,"Cruzeiro",25,hayır,evet
"Rober","tek kelimelik isim (soyadsız — genelde Brezilya/Portekiz futbolunda gerçek ama gözden geçirilmeye değer)",8,"Albacete",25,hayır,evet
"Rodrigo","tek kelimelik isim (soyadsız — genelde Brezilya/Portekiz futbolunda gerçek ama gözden geçirilmeye değer)",4,"Nacional-AM",25,hayır,evet
"Rolando","tek kelimelik isim (soyadsız — genelde Brezilya/Portekiz futbolunda gerçek ama gözden geçirilmeye değer)",7,"Braga",25,hayır,evet
"Rufo","tek kelimelik isim (soyadsız — genelde Brezilya/Portekiz futbolunda gerçek ama gözden geçirilmeye değer)",9,"FC Santa Coloma",25,hayır,evet
"Rúper","tek kelimelik isim (soyadsız — genelde Brezilya/Portekiz futbolunda gerçek ama gözden geçirilmeye değer)",8,"Izarra",25,hayır,evet
"Salvi","tek kelimelik isim (soyadsız — genelde Brezilya/Portekiz futbolunda gerçek ama gözden geçirilmeye değer)",8,"Ceuta",25,hayır,evet
"Samir","tek kelimelik isim (soyadsız — genelde Brezilya/Portekiz futbolunda gerçek ama gözden geçirilmeye değer)",7,"Al-Najma",25,hayır,evet
"Saúl","tek kelimelik isim (soyadsız — genelde Brezilya/Portekiz futbolunda gerçek ama gözden geçirilmeye değer)",6,"Flamengo",25,hayır,evet
"Simy","tek kelimelik isim (soyadsız — genelde Brezilya/Portekiz futbolunda gerçek ama gözden geçirilmeye değer)",8,"Al-Tai",25,hayır,evet
"Somália","tek kelimelik isim (soyadsız — genelde Brezilya/Portekiz futbolunda gerçek ama gözden geçirilmeye değer)",7,"Al-Shabab",25,hayır,evet
"Stênio","tek kelimelik isim (soyadsız — genelde Brezilya/Portekiz futbolunda gerçek ama gözden geçirilmeye değer)",6,"Modena",25,hayır,evet
"Suso","tek kelimelik isim (soyadsız — genelde Brezilya/Portekiz futbolunda gerçek ama gözden geçirilmeye değer)",6,"Cádiz",25,hayır,evet
"Tachi","tek kelimelik isim (soyadsız — genelde Brezilya/Portekiz futbolunda gerçek ama gözden geçirilmeye değer)",6,"Zaragoza",25,hayır,evet
"Tekio","tek kelimelik isim (soyadsız — genelde Brezilya/Portekiz futbolunda gerçek ama gözden geçirilmeye değer)",9,"Torrellano",25,hayır,evet
"Tetê","tek kelimelik isim (soyadsız — genelde Brezilya/Portekiz futbolunda gerçek ama gözden geçirilmeye değer)",6,"Grêmio",25,hayır,evet
"Tita","tek kelimelik isim (soyadsız — genelde Brezilya/Portekiz futbolunda gerçek ama gözden geçirilmeye değer)",7,"Nevşehir Belediyespor",25,hayır,evet
"Tito","tek kelimelik isim (soyadsız — genelde Brezilya/Portekiz futbolunda gerçek ama gözden geçirilmeye değer)",7,"Complutense",25,hayır,evet
"Tom","tek kelimelik isim (soyadsız — genelde Brezilya/Portekiz futbolunda gerçek ama gözden geçirilmeye değer)",7,"Dobrudzha",25,hayır,evet
"Toti","tek kelimelik isim (soyadsız — genelde Brezilya/Portekiz futbolunda gerçek ama gözden geçirilmeye değer)",9,"Guijuelo",25,hayır,evet
"Tuta","tek kelimelik isim (soyadsız — genelde Brezilya/Portekiz futbolunda gerçek ama gözden geçirilmeye değer)",4,"Al-Duhail",25,hayır,evet
"Vitinho","tek kelimelik isim (soyadsız — genelde Brezilya/Portekiz futbolunda gerçek ama gözden geçirilmeye değer)",4,"Botafogo",25,hayır,evet
"Walace","tek kelimelik isim (soyadsız — genelde Brezilya/Portekiz futbolunda gerçek ama gözden geçirilmeye değer)",6,"Vitória",25,hayır,evet
"Wallace","tek kelimelik isim (soyadsız — genelde Brezilya/Portekiz futbolunda gerçek ama gözden geçirilmeye değer)",8,"Londrina",25,hayır,evet
"Wanderson","tek kelimelik isim (soyadsız — genelde Brezilya/Portekiz futbolunda gerçek ama gözden geçirilmeye değer)",8,"Cruzeiro",25,hayır,evet
"Wánderson","tek kelimelik isim (soyadsız — genelde Brezilya/Portekiz futbolunda gerçek ama gözden geçirilmeye değer)",9,"Atlético Cearense",25,hayır,evet
"Welinton","tek kelimelik isim (soyadsız — genelde Brezilya/Portekiz futbolunda gerçek ama gözden geçirilmeye değer)",8,"Pendikspor",25,hayır,evet
"Wendell","tek kelimelik isim (soyadsız — genelde Brezilya/Portekiz futbolunda gerçek ama gözden geçirilmeye değer)",7,"São Paulo",25,hayır,evet
"Wesley","tek kelimelik isim (soyadsız — genelde Brezilya/Portekiz futbolunda gerçek ama gözden geçirilmeye değer)",9,"Shenzhen Peng City",25,hayır,evet
"William","tek kelimelik isim (soyadsız — genelde Brezilya/Portekiz futbolunda gerçek ama gözden geçirilmeye değer)",4,"Cruzeiro",25,hayır,evet
"Willian","tek kelimelik isim (soyadsız — genelde Brezilya/Portekiz futbolunda gerçek ama gözden geçirilmeye değer)",8,"Grêmio",25,hayır,evet
"Willyan","tek kelimelik isim (soyadsız — genelde Brezilya/Portekiz futbolunda gerçek ama gözden geçirilmeye değer)",9,"Suwon",25,hayır,evet
"Xeka","tek kelimelik isim (soyadsız — genelde Brezilya/Portekiz futbolunda gerçek ama gözden geçirilmeye değer)",9,"Estoril",25,hayır,evet
"Yuri","tek kelimelik isim (soyadsız — genelde Brezilya/Portekiz futbolunda gerçek ama gözden geçirilmeye değer)",8,"Qingdao Huanghai",25,hayır,evet
"Yusi","tek kelimelik isim (soyadsız — genelde Brezilya/Portekiz futbolunda gerçek ama gözden geçirilmeye değer)",4,"Alavés",25,hayır,evet
"Adson","tek kelimelik isim (soyadsız — genelde Brezilya/Portekiz futbolunda gerçek ama gözden geçirilmeye değer)",3,"Vasco da Gama",24,hayır,evet
"Míchel","tek kelimelik isim (soyadsız — genelde Brezilya/Portekiz futbolunda gerçek ama gözden geçirilmeye değer)",3,"Celaya",24,hayır,evet
"Nacho","tek kelimelik isim (soyadsız — genelde Brezilya/Portekiz futbolunda gerçek ama gözden geçirilmeye değer)",3,"Al-Qadsiah",24,hayır,evet
"Rodrygo","tek kelimelik isim (soyadsız — genelde Brezilya/Portekiz futbolunda gerçek ama gözden geçirilmeye değer)",3,"Real Madrid Castilla",24,hayır,evet
"Rogério","tek kelimelik isim (soyadsız — genelde Brezilya/Portekiz futbolunda gerçek ama gözden geçirilmeye değer)",3,"Wolfsburg",24,hayır,evet
"Vicente","tek kelimelik isim (soyadsız — genelde Brezilya/Portekiz futbolunda gerçek ama gözden geçirilmeye değer)",6,"Girona",24,hayır,evet
"Assis","tek kelimelik isim (soyadsız — genelde Brezilya/Portekiz futbolunda gerçek ama gözden geçirilmeye değer)",10,"Montpellier",23,hayır,evet
"Catanha","tek kelimelik isim (soyadsız — genelde Brezilya/Portekiz futbolunda gerçek ama gözden geçirilmeye değer)",20,"Conquense",23,hayır,hayır
"Clébson","tek kelimelik isim (soyadsız — genelde Brezilya/Portekiz futbolunda gerçek ama gözden geçirilmeye değer)",23,"Fluminense de Feira",23,hayır,hayır
"Ivi","tek kelimelik isim (soyadsız — genelde Brezilya/Portekiz futbolunda gerçek ama gözden geçirilmeye değer)",10,"Iraklis",23,hayır,hayır
"Jhonnes","tek kelimelik isim (soyadsız — genelde Brezilya/Portekiz futbolunda gerçek ama gözden geçirilmeye değer)",13,"ViOn Zlaté Moravce",23,hayır,hayır
"Joelson","tek kelimelik isim (soyadsız — genelde Brezilya/Portekiz futbolunda gerçek ama gözden geçirilmeye değer)",16,"Mapello",23,hayır,hayır
"Jotha","tek kelimelik isim (soyadsız — genelde Brezilya/Portekiz futbolunda gerçek ama gözden geçirilmeye değer)",11,"Unión Sur Yaiza",23,hayır,hayır
"Luisma","tek kelimelik isim (soyadsız — genelde Brezilya/Portekiz futbolunda gerçek ama gözden geçirilmeye değer)",13,"Leioa",23,hayır,hayır
"Mode","tek kelimelik isim (soyadsız — genelde Brezilya/Portekiz futbolunda gerçek ama gözden geçirilmeye değer)",10,"Oduciarosal",23,hayır,hayır
"Nando","tek kelimelik isim (soyadsız — genelde Brezilya/Portekiz futbolunda gerçek ama gözden geçirilmeye değer)",5,"Espanyol",23,hayır,evet
"Pacheta","tek kelimelik isim (soyadsız — genelde Brezilya/Portekiz futbolunda gerçek ama gözden geçirilmeye değer)",6,"Espanyol",23,hayır,evet
"Tácio","tek kelimelik isim (soyadsız — genelde Brezilya/Portekiz futbolunda gerçek ama gözden geçirilmeye değer)",19,"Ferroviário",23,hayır,hayır
"Aloísio","tek kelimelik isim (soyadsız — genelde Brezilya/Portekiz futbolunda gerçek ama gözden geçirilmeye değer)",3,"Porto",22,hayır,evet
"Chano","tek kelimelik isim (soyadsız — genelde Brezilya/Portekiz futbolunda gerçek ama gözden geçirilmeye değer)",4,"Benfica",22,hayır,evet
"Franchu","tek kelimelik isim (soyadsız — genelde Brezilya/Portekiz futbolunda gerçek ama gözden geçirilmeye değer)",9,"Goa",22,hayır,hayır
"Juárez","tek kelimelik isim (soyadsız — genelde Brezilya/Portekiz futbolunda gerçek ama gözden geçirilmeye değer)",8,"Udinese",22,hayır,hayır
"Manolín","tek kelimelik isim (soyadsız — genelde Brezilya/Portekiz futbolunda gerçek ama gözden geçirilmeye değer)",7,"Indauchu",22,hayır,hayır
"Mossa","tek kelimelik isim (soyadsız — genelde Brezilya/Portekiz futbolunda gerçek ama gözden geçirilmeye değer)",5,"Oviedo",22,hayır,hayır
"Pipi","tek kelimelik isim (soyadsız — genelde Brezilya/Portekiz futbolunda gerçek ama gözden geçirilmeye değer)",6,"FC Imabari",22,hayır,hayır
"Bata","tek kelimelik isim (soyadsız — genelde Brezilya/Portekiz futbolunda gerçek ama gözden geçirilmeye değer)",3,"Osasuna",21,hayır,evet
"Canário","tek kelimelik isim (soyadsız — genelde Brezilya/Portekiz futbolunda gerçek ama gözden geçirilmeye değer)",6,"Mallorca",21,hayır,evet
"Chicão","tek kelimelik isim (soyadsız — genelde Brezilya/Portekiz futbolunda gerçek ama gözden geçirilmeye değer)",3,"Levante",21,hayır,evet
"Duca","tek kelimelik isim (soyadsız — genelde Brezilya/Portekiz futbolunda gerçek ama gözden geçirilmeye değer)",3,"Mallorca",21,hayır,evet
"Paqui","tek kelimelik isim (soyadsız — genelde Brezilya/Portekiz futbolunda gerçek ama gözden geçirilmeye değer)",7,"Osasuna",21,hayır,hayır
"Pepín","tek kelimelik isim (soyadsız — genelde Brezilya/Portekiz futbolunda gerçek ama gözden geçirilmeye değer)",3,"Osasuna",21,hayır,evet
"Saro","tek kelimelik isim (soyadsız — genelde Brezilya/Portekiz futbolunda gerçek ama gözden geçirilmeye değer)",3,"Real Betis",21,hayır,evet
"Agus","tek kelimelik isim (soyadsız — genelde Brezilya/Portekiz futbolunda gerçek ama gözden geçirilmeye değer)",13,"ATK",20,hayır,evet
"Alcides","tek kelimelik isim (soyadsız — genelde Brezilya/Portekiz futbolunda gerçek ama gözden geçirilmeye değer)",12,"Matonense",20,hayır,evet
"Amauri","tek kelimelik isim (soyadsız — genelde Brezilya/Portekiz futbolunda gerçek ama gözden geçirilmeye değer)",14,"New York Cosmos",20,hayır,evet
"Arthuro","tek kelimelik isim (soyadsız — genelde Brezilya/Portekiz futbolunda gerçek ama gözden geçirilmeye değer)",21,"Sabadell",20,hayır,evet
"Babù","tek kelimelik isim (soyadsız — genelde Brezilya/Portekiz futbolunda gerçek ama gözden geçirilmeye değer)",19,"Real Agro Aversa",20,hayır,evet
"Brandão","tek kelimelik isim (soyadsız — genelde Brezilya/Portekiz futbolunda gerçek ama gözden geçirilmeye değer)",14,"Levadiakos",20,hayır,evet
"Ceará","tek kelimelik isim (soyadsız — genelde Brezilya/Portekiz futbolunda gerçek ama gözden geçirilmeye değer)",12,"América-MG",20,hayır,evet
"Chando","tek kelimelik isim (soyadsız — genelde Brezilya/Portekiz futbolunda gerçek ama gözden geçirilmeye değer)",12,"Atlético Baleares",20,hayır,evet
"Chota","tek kelimelik isim (soyadsız — genelde Brezilya/Portekiz futbolunda gerçek ama gözden geçirilmeye değer)",14,"River Melilla",20,hayır,evet
"Chupe","tek kelimelik isim (soyadsız — genelde Brezilya/Portekiz futbolunda gerçek ama gözden geçirilmeye değer)",19,"Santa Ana",20,hayır,evet
"Cicinho","tek kelimelik isim (soyadsız — genelde Brezilya/Portekiz futbolunda gerçek ama gözden geçirilmeye değer)",17,"Bahia",20,hayır,evet
"Cleyton","tek kelimelik isim (soyadsız — genelde Brezilya/Portekiz futbolunda gerçek ama gözden geçirilmeye değer)",14,"Iraklis",20,hayır,evet
"Dady","tek kelimelik isim (soyadsız — genelde Brezilya/Portekiz futbolunda gerçek ama gözden geçirilmeye değer)",13,"Futebol Benfica",20,hayır,evet
"Edu","tek kelimelik isim (soyadsız — genelde Brezilya/Portekiz futbolunda gerçek ama gözden geçirilmeye değer)",12,"Hebei China Fortune",20,hayır,evet
"Félix","tek kelimelik isim (soyadsız — genelde Brezilya/Portekiz futbolunda gerçek ama gözden geçirilmeye değer)",3,"Levante",20,hayır,hayır
"Gaztelu","tek kelimelik isim (soyadsız — genelde Brezilya/Portekiz futbolunda gerçek ama gözden geçirilmeye değer)",2,"Real Sociedad",20,hayır,evet
"Gladstone","tek kelimelik isim (soyadsız — genelde Brezilya/Portekiz futbolunda gerçek ama gözden geçirilmeye değer)",22,"Vitória-ES",20,hayır,evet
"Gustavo","tek kelimelik isim (soyadsız — genelde Brezilya/Portekiz futbolunda gerçek ama gözden geçirilmeye değer)",20,"Avaí",20,hayır,evet
"Jabá","tek kelimelik isim (soyadsız — genelde Brezilya/Portekiz futbolunda gerçek ama gözden geçirilmeye değer)",16,"Altos",20,hayır,evet
"Jito","tek kelimelik isim (soyadsız — genelde Brezilya/Portekiz futbolunda gerçek ama gözden geçirilmeye değer)",16,"Sestao",20,hayır,evet
"Kerlon","tek kelimelik isim (soyadsız — genelde Brezilya/Portekiz futbolunda gerçek ama gözden geçirilmeye değer)",12,"Spartak Trnava II",20,hayır,evet
"Koke","tek kelimelik isim (soyadsız — genelde Brezilya/Portekiz futbolunda gerçek ama gözden geçirilmeye değer)",12,"Veria",20,hayır,evet
"Lúcio","tek kelimelik isim (soyadsız — genelde Brezilya/Portekiz futbolunda gerçek ama gözden geçirilmeye değer)",12,"Brasiliense",20,hayır,evet
"Manú","tek kelimelik isim (soyadsız — genelde Brezilya/Portekiz futbolunda gerçek ama gözden geçirilmeye değer)",13,"Vilafranquense",20,hayır,evet
"Melinho","tek kelimelik isim (soyadsız — genelde Brezilya/Portekiz futbolunda gerçek ama gözden geçirilmeye değer)",14,"Uniao Barbarense",20,hayır,evet
"Miki","tek kelimelik isim (soyadsız — genelde Brezilya/Portekiz futbolunda gerçek ama gözden geçirilmeye değer)",12,"Terrassa",20,hayır,evet
"Nagore","tek kelimelik isim (soyadsız — genelde Brezilya/Portekiz futbolunda gerçek ama gözden geçirilmeye değer)",13,"Huesca",20,hayır,evet
"Nené","tek kelimelik isim (soyadsız — genelde Brezilya/Portekiz futbolunda gerçek ama gözden geçirilmeye değer)",16,"Vilaverdense",20,hayır,evet
"Ninão","tek kelimelik isim (soyadsız — genelde Brezilya/Portekiz futbolunda gerçek ama gözden geçirilmeye değer)",2,"Lazio",20,hayır,evet
"Piá","tek kelimelik isim (soyadsız — genelde Brezilya/Portekiz futbolunda gerçek ama gözden geçirilmeye değer)",15,"Adrense",20,hayır,evet
"Reinaldo","tek kelimelik isim (soyadsız — genelde Brezilya/Portekiz futbolunda gerçek ama gözden geçirilmeye değer)",21,"Vila Nova",20,hayır,evet
"Robert","tek kelimelik isim (soyadsız — genelde Brezilya/Portekiz futbolunda gerçek ama gözden geçirilmeye değer)",30,"Portuguesa",20,hayır,evet
"Samuel","tek kelimelik isim (soyadsız — genelde Brezilya/Portekiz futbolunda gerçek ama gözden geçirilmeye değer)",20,"Taubaté",20,hayır,evet
"Tadeu","tek kelimelik isim (soyadsız — genelde Brezilya/Portekiz futbolunda gerçek ama gözden geçirilmeye değer)",22,"Pelotas",20,hayır,evet
"Valdo","tek kelimelik isim (soyadsız — genelde Brezilya/Portekiz futbolunda gerçek ama gözden geçirilmeye değer)",13,"Izarra",20,hayır,evet
"Valdomiro","tek kelimelik isim (soyadsız — genelde Brezilya/Portekiz futbolunda gerçek ama gözden geçirilmeye değer)",13,"Anápolis",20,hayır,evet
"Warley","tek kelimelik isim (soyadsız — genelde Brezilya/Portekiz futbolunda gerçek ama gözden geçirilmeye değer)",17,"Botafogo-PB",20,hayır,evet
"Yakubu","tek kelimelik isim (soyadsız — genelde Brezilya/Portekiz futbolunda gerçek ama gözden geçirilmeye değer)",14,"Coventry City",20,hayır,evet
"Adaílton","tek kelimelik isim (soyadsız — genelde Brezilya/Portekiz futbolunda gerçek ama gözden geçirilmeye değer)",8,"Vaslui",19,hayır,evet
"Alanzinho","tek kelimelik isim (soyadsız — genelde Brezilya/Portekiz futbolunda gerçek ama gözden geçirilmeye değer)",11,"Madureira",19,hayır,evet
"Alexis","tek kelimelik isim (soyadsız — genelde Brezilya/Portekiz futbolunda gerçek ama gözden geçirilmeye değer)",9,"Racing Santander",19,hayır,evet
"Ângelo","tek kelimelik isim (soyadsız — genelde Brezilya/Portekiz futbolunda gerçek ama gözden geçirilmeye değer)",11,"Montescaglioso Calcio",19,hayır,evet
"Apoño","tek kelimelik isim (soyadsız — genelde Brezilya/Portekiz futbolunda gerçek ama gözden geçirilmeye değer)",7,"El Palo",19,hayır,evet
"Barreto","tek kelimelik isim (soyadsız — genelde Brezilya/Portekiz futbolunda gerçek ama gözden geçirilmeye değer)",6,"Gozzano",19,hayır,evet
"Cabral","tek kelimelik isim (soyadsız — genelde Brezilya/Portekiz futbolunda gerçek ama gözden geçirilmeye değer)",8,"Lausanne-Sport",19,hayır,evet
"Cacau","tek kelimelik isim (soyadsız — genelde Brezilya/Portekiz futbolunda gerçek ama gözden geçirilmeye değer)",7,"VfB Stuttgart II",19,hayır,evet
"Caio","tek kelimelik isim (soyadsız — genelde Brezilya/Portekiz futbolunda gerçek ama gözden geçirilmeye değer)",11,"Desportivo Brasil",19,hayır,evet
"Curro","tek kelimelik isim (soyadsız — genelde Brezilya/Portekiz futbolunda gerçek ama gözden geçirilmeye değer)",11,"Badajoz",19,hayır,evet
"Didi","tek kelimelik isim (soyadsız — genelde Brezilya/Portekiz futbolunda gerçek ama gözden geçirilmeye değer)",7,"São Paulo",19,hayır,evet
"Douglão","tek kelimelik isim (soyadsız — genelde Brezilya/Portekiz futbolunda gerçek ama gözden geçirilmeye değer)",9,"Anorthosis Famagusta",19,hayır,evet
"Duda","tek kelimelik isim (soyadsız — genelde Brezilya/Portekiz futbolunda gerçek ama gözden geçirilmeye değer)",9,"Cachão",19,hayır,evet
"Elano","tek kelimelik isim (soyadsız — genelde Brezilya/Portekiz futbolunda gerçek ama gözden geçirilmeye değer)",7,"Chennaiyin",19,hayır,evet
"Elias","tek kelimelik isim (soyadsız — genelde Brezilya/Portekiz futbolunda gerçek ama gözden geçirilmeye değer)",11,"Bahia",19,hayır,evet
"Emerson","tek kelimelik isim (soyadsız — genelde Brezilya/Portekiz futbolunda gerçek ama gözden geçirilmeye değer)",10,"Cianorte",19,hayır,evet
"Esteban","tek kelimelik isim (soyadsız — genelde Brezilya/Portekiz futbolunda gerçek ama gözden geçirilmeye değer)",8,"Almería",19,hayır,evet
"Filipe","tek kelimelik isim (soyadsız — genelde Brezilya/Portekiz futbolunda gerçek ama gözden geçirilmeye değer)",7,"FK Partizani Tirana",19,hayır,evet
"Geni","tek kelimelik isim (soyadsız — genelde Brezilya/Portekiz futbolunda gerçek ama gözden geçirilmeye değer)",7,"Marino",19,hayır,evet
"Grafite","tek kelimelik isim (soyadsız — genelde Brezilya/Portekiz futbolunda gerçek ama gözden geçirilmeye değer)",11,"Atlético Paranaense",19,hayır,evet
"Gralak","tek kelimelik isim (soyadsız — genelde Brezilya/Portekiz futbolunda gerçek ama gözden geçirilmeye değer)",6,"İstanbulspor",19,hayır,hayır
"Juanlu","tek kelimelik isim (soyadsız — genelde Brezilya/Portekiz futbolunda gerçek ama gözden geçirilmeye değer)",10,"Lucena",19,hayır,evet
"Juanra","tek kelimelik isim (soyadsız — genelde Brezilya/Portekiz futbolunda gerçek ama gözden geçirilmeye değer)",7,"Soneja",19,hayır,evet
"Juninho","tek kelimelik isim (soyadsız — genelde Brezilya/Portekiz futbolunda gerçek ama gözden geçirilmeye değer)",11,"[[Xewkija Tigers F.C.|",19,hayır,evet
"Kahê","tek kelimelik isim (soyadsız — genelde Brezilya/Portekiz futbolunda gerçek ama gözden geçirilmeye değer)",10,"Kedah F.A.",19,hayır,evet
"Keirrison","tek kelimelik isim (soyadsız — genelde Brezilya/Portekiz futbolunda gerçek ama gözden geçirilmeye değer)",9,"Arouca",19,hayır,evet
"Kléberson","tek kelimelik isim (soyadsız — genelde Brezilya/Portekiz futbolunda gerçek ama gözden geçirilmeye değer)",8,"Fort Lauderdale Strikers",19,hayır,evet
"Lima","tek kelimelik isim (soyadsız — genelde Brezilya/Portekiz futbolunda gerçek ama gözden geçirilmeye değer)",7,"América Mineiro",19,hayır,evet
"Lolo","tek kelimelik isim (soyadsız — genelde Brezilya/Portekiz futbolunda gerçek ama gözden geçirilmeye değer)",8,"Pune City",19,hayır,evet
"Maicosuel","tek kelimelik isim (soyadsız — genelde Brezilya/Portekiz futbolunda gerçek ama gözden geçirilmeye değer)",11,"Grêmio",19,hayır,evet
"Mané","tek kelimelik isim (soyadsız — genelde Brezilya/Portekiz futbolunda gerçek ama gözden geçirilmeye değer)",9,"St Joseph's",19,hayır,evet
"Manucho","tek kelimelik isim (soyadsız — genelde Brezilya/Portekiz futbolunda gerçek ama gözden geçirilmeye değer)",10,"Cornellà",19,hayır,evet
"Marcinho","tek kelimelik isim (soyadsız — genelde Brezilya/Portekiz futbolunda gerçek ama gözden geçirilmeye değer)",10,"Santa Cruz",19,hayır,evet
"Michu","tek kelimelik isim (soyadsız — genelde Brezilya/Portekiz futbolunda gerçek ama gözden geçirilmeye değer)",7,"Langreo",19,hayır,evet
"Migue","tek kelimelik isim (soyadsız — genelde Brezilya/Portekiz futbolunda gerçek ama gözden geçirilmeye değer)",10,"Sabadell",19,hayır,evet
"Nano","tek kelimelik isim (soyadsız — genelde Brezilya/Portekiz futbolunda gerçek ama gözden geçirilmeye değer)",10,"Alavés",19,hayır,evet
"Neca","tek kelimelik isim (soyadsız — genelde Brezilya/Portekiz futbolunda gerçek ama gözden geçirilmeye değer)",8,"Pinhalnovense",19,hayır,evet
"Nilmar","tek kelimelik isim (soyadsız — genelde Brezilya/Portekiz futbolunda gerçek ama gözden geçirilmeye değer)",8,"Santos",19,hayır,evet
"Paulão","tek kelimelik isim (soyadsız — genelde Brezilya/Portekiz futbolunda gerçek ama gözden geçirilmeye değer)",9,"Olhanense",19,hayır,evet
"Rafa","tek kelimelik isim (soyadsız — genelde Brezilya/Portekiz futbolunda gerçek ama gözden geçirilmeye değer)",8,"Hyderabad",19,hayır,evet
"Ramires","tek kelimelik isim (soyadsız — genelde Brezilya/Portekiz futbolunda gerçek ama gözden geçirilmeye değer)",6,"Palmeiras",19,hayır,evet
"Riki","tek kelimelik isim (soyadsız — genelde Brezilya/Portekiz futbolunda gerçek ama gözden geçirilmeye değer)",7,"Guadalajara",19,hayır,evet
"Rincón","tek kelimelik isim (soyadsız — genelde Brezilya/Portekiz futbolunda gerçek ama gözden geçirilmeye değer)",11,"KSV Roeselare",19,hayır,evet
"Rodnei","tek kelimelik isim (soyadsız — genelde Brezilya/Portekiz futbolunda gerçek ama gözden geçirilmeye değer)",11,"SV Anthering",19,hayır,evet
"Romaric","tek kelimelik isim (soyadsız — genelde Brezilya/Portekiz futbolunda gerçek ama gözden geçirilmeye değer)",9,"NorthEast United",19,hayır,evet
"Romerito","tek kelimelik isim (soyadsız — genelde Brezilya/Portekiz futbolunda gerçek ama gözden geçirilmeye değer)",8,"Club Cerro Corá",19,hayır,evet
"Rovérsio","tek kelimelik isim (soyadsız — genelde Brezilya/Portekiz futbolunda gerçek ama gözden geçirilmeye değer)",7,"New York Cosmos",19,hayır,evet
"Rubinho","tek kelimelik isim (soyadsız — genelde Brezilya/Portekiz futbolunda gerçek ama gözden geçirilmeye değer)",9,"Avaí",19,hayır,evet
"Sisi","tek kelimelik isim (soyadsız — genelde Brezilya/Portekiz futbolunda gerçek ama gözden geçirilmeye değer)",11,"Ehime",19,hayır,evet
"Sueliton","tek kelimelik isim (soyadsız — genelde Brezilya/Portekiz futbolunda gerçek ama gözden geçirilmeye değer)",11,"Paraná",19,hayır,evet
"Thuram","tek kelimelik isim (soyadsız — genelde Brezilya/Portekiz futbolunda gerçek ama gözden geçirilmeye değer)",15,"Iğdır",19,EVET,hayır
"Wilker","tek kelimelik isim (soyadsız — genelde Brezilya/Portekiz futbolunda gerçek ama gözden geçirilmeye değer)",8,"Tërbuni Pukë",19,hayır,evet
"Willians","tek kelimelik isim (soyadsız — genelde Brezilya/Portekiz futbolunda gerçek ama gözden geçirilmeye değer)",9,"São Caetano",19,hayır,evet
"Álvaro","tek kelimelik isim (soyadsız — genelde Brezilya/Portekiz futbolunda gerçek ama gözden geçirilmeye değer)",3,"Hércules",18,hayır,evet
"Breno","tek kelimelik isim (soyadsız — genelde Brezilya/Portekiz futbolunda gerçek ama gözden geçirilmeye değer)",4,"Vasco da Gama",18,hayır,evet
"Capi","tek kelimelik isim (soyadsız — genelde Brezilya/Portekiz futbolunda gerçek ama gözden geçirilmeye değer)",5,"Camas",18,hayır,evet
"Chumi","tek kelimelik isim (soyadsız — genelde Brezilya/Portekiz futbolunda gerçek ama gözden geçirilmeye değer)",3,"Almería",18,hayır,evet
"Felo","tek kelimelik isim (soyadsız — genelde Brezilya/Portekiz futbolunda gerçek ama gözden geçirilmeye değer)",3,"Sevilla",18,hayır,hayır
"Francis","tek kelimelik isim (soyadsız — genelde Brezilya/Portekiz futbolunda gerçek ama gözden geçirilmeye değer)",5,"Racing Santander",18,hayır,evet
"Gabi","tek kelimelik isim (soyadsız — genelde Brezilya/Portekiz futbolunda gerçek ama gözden geçirilmeye değer)",5,"Al Sadd",18,hayır,evet
"Hamidou","tek kelimelik isim (soyadsız — genelde Brezilya/Portekiz futbolunda gerçek ama gözden geçirilmeye değer)",4,"Kayserispor",18,hayır,hayır
"Hilario","tek kelimelik isim (soyadsız — genelde Brezilya/Portekiz futbolunda gerçek ama gözden geçirilmeye değer)",7,"Elche",18,hayır,hayır
"Joseíto","tek kelimelik isim (soyadsız — genelde Brezilya/Portekiz futbolunda gerçek ama gözden geçirilmeye değer)",7,"Rayo Vallecano",18,hayır,hayır
"Jussiê","tek kelimelik isim (soyadsız — genelde Brezilya/Portekiz futbolunda gerçek ama gözden geçirilmeye değer)",5,"Al Wasl",18,hayır,evet
"Kaká","tek kelimelik isim (soyadsız — genelde Brezilya/Portekiz futbolunda gerçek ama gözden geçirilmeye değer)",4,"Orlando City",18,hayır,evet
"Monchi","tek kelimelik isim (soyadsız — genelde Brezilya/Portekiz futbolunda gerçek ama gözden geçirilmeye değer)",2,"Sevilla",18,hayır,hayır
"Renato","tek kelimelik isim (soyadsız — genelde Brezilya/Portekiz futbolunda gerçek ama gözden geçirilmeye değer)",4,"Botafogo",18,hayır,evet
"Abuda","tek kelimelik isim (soyadsız — genelde Brezilya/Portekiz futbolunda gerçek ama gözden geçirilmeye değer)",19,"Tokyo Verdy",17,hayır,evet
"Aílton","tek kelimelik isim (soyadsız — genelde Brezilya/Portekiz futbolunda gerçek ama gözden geçirilmeye değer)",21,"Hassia Bingen",17,hayır,evet
"Antoñito","tek kelimelik isim (soyadsız — genelde Brezilya/Portekiz futbolunda gerçek ama gözden geçirilmeye değer)",12,"San Fernando",17,hayır,evet
"Changui","tek kelimelik isim (soyadsız — genelde Brezilya/Portekiz futbolunda gerçek ama gözden geçirilmeye değer)",14,"Puebla",17,hayır,hayır
"Chris","tek kelimelik isim (soyadsız — genelde Brezilya/Portekiz futbolunda gerçek ama gözden geçirilmeye değer)",11,"1899 Hoffenheim II",17,hayır,evet
"Christian","tek kelimelik isim (soyadsız — genelde Brezilya/Portekiz futbolunda gerçek ama gözden geçirilmeye değer)",19,"Pelotas",17,hayır,evet
"Evanílson","tek kelimelik isim (soyadsız — genelde Brezilya/Portekiz futbolunda gerçek ama gözden geçirilmeye değer)",11,"Botafogo-PB",17,hayır,evet
"Everson","tek kelimelik isim (soyadsız — genelde Brezilya/Portekiz futbolunda gerçek ama gözden geçirilmeye değer)",16,"Gueugnon",17,hayır,evet
"Ewerthon","tek kelimelik isim (soyadsız — genelde Brezilya/Portekiz futbolunda gerçek ama gözden geçirilmeye değer)",11,"Atlético Sorocaba",17,hayır,evet
"Fabão","tek kelimelik isim (soyadsız — genelde Brezilya/Portekiz futbolunda gerçek ama gözden geçirilmeye değer)",12,"Sobradinho",17,hayır,evet
"Fumaça","tek kelimelik isim (soyadsız — genelde Brezilya/Portekiz futbolunda gerçek ama gözden geçirilmeye değer)",18,"Anápolis",17,hayır,hayır
"Josemi","tek kelimelik isim (soyadsız — genelde Brezilya/Portekiz futbolunda gerçek ama gözden geçirilmeye değer)",11,"Atlético Kolkata",17,hayır,evet
"Mido","tek kelimelik isim (soyadsız — genelde Brezilya/Portekiz futbolunda gerçek ama gözden geçirilmeye değer)",11,"Barnsley",17,hayır,evet
"Mono","tek kelimelik isim (soyadsız — genelde Brezilya/Portekiz futbolunda gerçek ama gözden geçirilmeye değer)",13,"Utiel",17,hayır,hayır
"Moreno","tek kelimelik isim (soyadsız — genelde Brezilya/Portekiz futbolunda gerçek ama gözden geçirilmeye değer)",13,"Uberlândia",17,hayır,evet
"Müller","tek kelimelik isim (soyadsız — genelde Brezilya/Portekiz futbolunda gerçek ama gözden geçirilmeye değer)",13,"Fernandópolis",17,hayır,evet
"Patric","tek kelimelik isim (soyadsız — genelde Brezilya/Portekiz futbolunda gerçek ama gözden geçirilmeye değer)",3,"Lazio",17,hayır,hayır
"Pena","tek kelimelik isim (soyadsız — genelde Brezilya/Portekiz futbolunda gerçek ama gözden geçirilmeye değer)",13,"Confiança",17,hayır,evet
"Pinga","tek kelimelik isim (soyadsız — genelde Brezilya/Portekiz futbolunda gerçek ama gözden geçirilmeye değer)",12,"América-MG",17,hayır,evet
"Rivaldo","tek kelimelik isim (soyadsız — genelde Brezilya/Portekiz futbolunda gerçek ama gözden geçirilmeye değer)",14,"São Caetano",17,hayır,evet
"Washington","tek kelimelik isim (soyadsız — genelde Brezilya/Portekiz futbolunda gerçek ama gözden geçirilmeye değer)",21,"Joseense",17,hayır,evet
"Adilson","tek kelimelik isim (soyadsız — genelde Brezilya/Portekiz futbolunda gerçek ama gözden geçirilmeye değer)",6,"FC Seoul",16,hayır,evet
"Arzu","tek kelimelik isim (soyadsız — genelde Brezilya/Portekiz futbolunda gerçek ama gözden geçirilmeye değer)",5,"BEC Tero Sasana",16,hayır,evet
"Asen","tek kelimelik isim (soyadsız — genelde Brezilya/Portekiz futbolunda gerçek ama gözden geçirilmeye değer)",9,"Recreativo",16,hayır,evet
"Athirson","tek kelimelik isim (soyadsız — genelde Brezilya/Portekiz futbolunda gerçek ama gözden geçirilmeye değer)",10,"Duque de Caxias",16,hayır,evet
"Axel","tek kelimelik isim (soyadsız — genelde Brezilya/Portekiz futbolunda gerçek ama gözden geçirilmeye değer)",15,"Camboriú",16,hayır,evet
"Bolívar","tek kelimelik isim (soyadsız — genelde Brezilya/Portekiz futbolunda gerçek ama gözden geçirilmeye değer)",8,"Portuguesa",16,hayır,evet
"Cacá","tek kelimelik isim (soyadsız — genelde Brezilya/Portekiz futbolunda gerçek ama gözden geçirilmeye değer)",17,"Kalba",16,hayır,evet
"Capone","tek kelimelik isim (soyadsız — genelde Brezilya/Portekiz futbolunda gerçek ama gözden geçirilmeye değer)",15,"Matsubara",16,hayır,evet
"Carlitos","tek kelimelik isim (soyadsız — genelde Brezilya/Portekiz futbolunda gerçek ama gözden geçirilmeye değer)",9,"Vitória Guimarães",16,hayır,evet
"Cris","tek kelimelik isim (soyadsız — genelde Brezilya/Portekiz futbolunda gerçek ama gözden geçirilmeye değer)",7,"Vasco da Gama",16,hayır,evet
"Darci","tek kelimelik isim (soyadsız — genelde Brezilya/Portekiz futbolunda gerçek ama gözden geçirilmeye değer)",15,"Aragua",16,hayır,evet
"Deco","tek kelimelik isim (soyadsız — genelde Brezilya/Portekiz futbolunda gerçek ama gözden geçirilmeye değer)",9,"Fluminense",16,hayır,evet
"Dedé","tek kelimelik isim (soyadsız — genelde Brezilya/Portekiz futbolunda gerçek ama gözden geçirilmeye değer)",4,"Eskişehirspor",16,hayır,evet
"Dida","tek kelimelik isim (soyadsız — genelde Brezilya/Portekiz futbolunda gerçek ama gözden geçirilmeye değer)",8,"Internacional",16,hayır,evet
"Digão","tek kelimelik isim (soyadsız — genelde Brezilya/Portekiz futbolunda gerçek ama gözden geçirilmeye değer)",7,"New York Red Bulls",16,hayır,evet
"Dill","tek kelimelik isim (soyadsız — genelde Brezilya/Portekiz futbolunda gerçek ama gözden geçirilmeye değer)",14,"Foz",16,hayır,evet
"Edmílson","tek kelimelik isim (soyadsız — genelde Brezilya/Portekiz futbolunda gerçek ama gözden geçirilmeye değer)",8,"Ceará",16,hayır,evet
"Edmundo","tek kelimelik isim (soyadsız — genelde Brezilya/Portekiz futbolunda gerçek ama gözden geçirilmeye değer)",14,"Figueirense",16,hayır,evet
"Émerson","tek kelimelik isim (soyadsız — genelde Brezilya/Portekiz futbolunda gerçek ama gözden geçirilmeye değer)",16,"Real España",16,hayır,evet
"Esquerdinha","tek kelimelik isim (soyadsız — genelde Brezilya/Portekiz futbolunda gerçek ama gözden geçirilmeye değer)",8,"Serrana",16,hayır,evet
"Fali","tek kelimelik isim (soyadsız — genelde Brezilya/Portekiz futbolunda gerçek ama gözden geçirilmeye değer)",7,"Écija",16,hayır,evet
"França","tek kelimelik isim (soyadsız — genelde Brezilya/Portekiz futbolunda gerçek ama gözden geçirilmeye değer)",6,"Yokohama",16,hayır,evet
"Fredson","tek kelimelik isim (soyadsız — genelde Brezilya/Portekiz futbolunda gerçek ama gözden geçirilmeye değer)",9,"Vila Nova",16,hayır,evet
"Geovanni","tek kelimelik isim (soyadsız — genelde Brezilya/Portekiz futbolunda gerçek ama gözden geçirilmeye değer)",9,"Bragantino",16,hayır,evet
"Geremi","tek kelimelik isim (soyadsız — genelde Brezilya/Portekiz futbolunda gerçek ama gözden geçirilmeye değer)",9,"AEL",16,hayır,evet
"Gláuber","tek kelimelik isim (soyadsız — genelde Brezilya/Portekiz futbolunda gerçek ama gözden geçirilmeye değer)",7,"Columbus Crew",16,hayır,evet
"Ilan","tek kelimelik isim (soyadsız — genelde Brezilya/Portekiz futbolunda gerçek ama gözden geçirilmeye değer)",9,"Bastia",16,hayır,evet
"Jônatas","tek kelimelik isim (soyadsız — genelde Brezilya/Portekiz futbolunda gerçek ama gözden geçirilmeye değer)",6,"Icasa",16,hayır,evet
"Josué","tek kelimelik isim (soyadsız — genelde Brezilya/Portekiz futbolunda gerçek ama gözden geçirilmeye değer)",4,"Atlético Mineiro",16,hayır,evet
"Juanpa","tek kelimelik isim (soyadsız — genelde Brezilya/Portekiz futbolunda gerçek ama gözden geçirilmeye değer)",6,"Oviedo",16,hayır,evet
"Júnior","tek kelimelik isim (soyadsız — genelde Brezilya/Portekiz futbolunda gerçek ama gözden geçirilmeye değer)",10,"Masafi",16,hayır,evet
"Kauê","tek kelimelik isim (soyadsız — genelde Brezilya/Portekiz futbolunda gerçek ama gözden geçirilmeye değer)",9,"Treze",16,hayır,evet
"Luciano","tek kelimelik isim (soyadsız — genelde Brezilya/Portekiz futbolunda gerçek ama gözden geçirilmeye değer)",5,"Mantova",16,hayır,evet
"Manel","tek kelimelik isim (soyadsız — genelde Brezilya/Portekiz futbolunda gerçek ama gözden geçirilmeye değer)",7,"Narón",16,hayır,evet
"Maniche","tek kelimelik isim (soyadsız — genelde Brezilya/Portekiz futbolunda gerçek ama gözden geçirilmeye değer)",10,"Sporting CP",16,hayır,evet
"Marciel","tek kelimelik isim (soyadsız — genelde Brezilya/Portekiz futbolunda gerçek ama gözden geçirilmeye değer)",8,"RoPS",16,hayır,evet
"Marcos","tek kelimelik isim (soyadsız — genelde Brezilya/Portekiz futbolunda gerçek ama gözden geçirilmeye değer)",8,"Troyes",16,hayır,evet
"Mineiro","tek kelimelik isim (soyadsız — genelde Brezilya/Portekiz futbolunda gerçek ama gözden geçirilmeye değer)",8,"TuS Koblenz",16,hayır,evet
"Palhinha","tek kelimelik isim (soyadsız — genelde Brezilya/Portekiz futbolunda gerçek ama gözden geçirilmeye değer)",18,"Guarulhos",16,hayır,evet
"Patri","tek kelimelik isim (soyadsız — genelde Brezilya/Portekiz futbolunda gerçek ama gözden geçirilmeye değer)",10,"La Muela",16,hayır,hayır
"Pessalli","tek kelimelik isim (soyadsız — genelde Brezilya/Portekiz futbolunda gerçek ama gözden geçirilmeye değer)",6,"Paraná",16,hayır,hayır
"Pollo","tek kelimelik isim (soyadsız — genelde Brezilya/Portekiz futbolunda gerçek ama gözden geçirilmeye değer)",8,"San Fernando",16,hayır,evet
"Ricardinho","tek kelimelik isim (soyadsız — genelde Brezilya/Portekiz futbolunda gerçek ama gözden geçirilmeye değer)",10,"Bahia",16,hayır,evet
"Sérgio","tek kelimelik isim (soyadsız — genelde Brezilya/Portekiz futbolunda gerçek ama gözden geçirilmeye değer)",8,"Duque de Caxias",16,hayır,evet
"Sócrates","tek kelimelik isim (soyadsız — genelde Brezilya/Portekiz futbolunda gerçek ama gözden geçirilmeye değer)",6,"Garforth Town",16,hayır,evet
"Tinga","tek kelimelik isim (soyadsız — genelde Brezilya/Portekiz futbolunda gerçek ama gözden geçirilmeye değer)",7,"Cruzeiro",16,hayır,evet
"Tote","tek kelimelik isim (soyadsız — genelde Brezilya/Portekiz futbolunda gerçek ama gözden geçirilmeye değer)",8,"Hércules",16,hayır,evet
"Tozo","tek kelimelik isim (soyadsız — genelde Brezilya/Portekiz futbolunda gerçek ama gözden geçirilmeye değer)",7,"Santa Cruz",16,hayır,evet
"Victor","tek kelimelik isim (soyadsız — genelde Brezilya/Portekiz futbolunda gerçek ama gözden geçirilmeye değer)",8,"Karlstad BK",16,hayır,evet
"Víctor","tek kelimelik isim (soyadsız — genelde Brezilya/Portekiz futbolunda gerçek ama gözden geçirilmeye değer)",8,"Leganés",16,hayır,evet
"Vítor","tek kelimelik isim (soyadsız — genelde Brezilya/Portekiz futbolunda gerçek ama gözden geçirilmeye değer)",14,"Guaçuano",16,hayır,evet
"Alexandre","tek kelimelik isim (soyadsız — genelde Brezilya/Portekiz futbolunda gerçek ama gözden geçirilmeye değer)",8,"Alzira",15,hayır,evet
"Bica","tek kelimelik isim (soyadsız — genelde Brezilya/Portekiz futbolunda gerçek ama gözden geçirilmeye değer)",11,"Coronel Bolognesi",15,hayır,evet
"Bolo","tek kelimelik isim (soyadsız — genelde Brezilya/Portekiz futbolunda gerçek ama gözden geçirilmeye değer)",8,"Barakaldo",15,hayır,evet
"César","tek kelimelik isim (soyadsız — genelde Brezilya/Portekiz futbolunda gerçek ama gözden geçirilmeye değer)",9,"Valle del Giovenco",15,hayır,evet
"Doriva","tek kelimelik isim (soyadsız — genelde Brezilya/Portekiz futbolunda gerçek ama gözden geçirilmeye değer)",10,"América-SP",15,hayır,evet
"Edson","tek kelimelik isim (soyadsız — genelde Brezilya/Portekiz futbolunda gerçek ama gözden geçirilmeye değer)",11,"Centro Limoeirense",15,hayır,evet
"Giovanni","tek kelimelik isim (soyadsız — genelde Brezilya/Portekiz futbolunda gerçek ama gözden geçirilmeye değer)",11,"Mogi Mirim",15,hayır,evet
"Magno","tek kelimelik isim (soyadsız — genelde Brezilya/Portekiz futbolunda gerçek ama gözden geçirilmeye değer)",7,"AEK Larnaca",15,hayır,evet
"Mista","tek kelimelik isim (soyadsız — genelde Brezilya/Portekiz futbolunda gerçek ama gözden geçirilmeye değer)",7,"Toronto FC",15,hayır,evet
"Pauleta","tek kelimelik isim (soyadsız — genelde Brezilya/Portekiz futbolunda gerçek ama gözden geçirilmeye değer)",10,"São Roque",15,hayır,evet
"Ricky","tek kelimelik isim (soyadsız — genelde Brezilya/Portekiz futbolunda gerçek ama gözden geçirilmeye değer)",11,"EC Granollers",15,hayır,evet
"Romário","tek kelimelik isim (soyadsız — genelde Brezilya/Portekiz futbolunda gerçek ama gözden geçirilmeye değer)",10,"America-RJ",15,hayır,evet
"Rubio","tek kelimelik isim (soyadsız — genelde Brezilya/Portekiz futbolunda gerçek ama gözden geçirilmeye değer)",10,"Galáctico Pegaso",15,hayır,evet
"Sávio","tek kelimelik isim (soyadsız — genelde Brezilya/Portekiz futbolunda gerçek ama gözden geçirilmeye değer)",9,"Avaí",15,hayır,evet
"Vampeta","tek kelimelik isim (soyadsız — genelde Brezilya/Portekiz futbolunda gerçek ama gözden geçirilmeye değer)",12,"Juventus da Mooca",15,hayır,evet
"Yordi","tek kelimelik isim (soyadsız — genelde Brezilya/Portekiz futbolunda gerçek ama gözden geçirilmeye değer)",10,"Córdoba",15,hayır,evet
"Aldair","tek kelimelik isim (soyadsız — genelde Brezilya/Portekiz futbolunda gerçek ama gözden geçirilmeye değer)",6,"Murata",14,hayır,evet
"Arteaga","tek kelimelik isim (soyadsız — genelde Brezilya/Portekiz futbolunda gerçek ama gözden geçirilmeye değer)",5,"Chiclana",14,hayır,evet
"Binho","tek kelimelik isim (soyadsız — genelde Brezilya/Portekiz futbolunda gerçek ama gözden geçirilmeye değer)",5,"Castelnuovo",14,hayır,evet
"Coco","tek kelimelik isim (soyadsız — genelde Brezilya/Portekiz futbolunda gerçek ama gözden geçirilmeye değer)",8,"Logroñés",14,hayır,evet
"Djalminha","tek kelimelik isim (soyadsız — genelde Brezilya/Portekiz futbolunda gerçek ama gözden geçirilmeye değer)",7,"Club América",14,hayır,evet
"Evair","tek kelimelik isim (soyadsız — genelde Brezilya/Portekiz futbolunda gerçek ama gözden geçirilmeye değer)",11,"Figueirense",14,hayır,evet
"Evando","tek kelimelik isim (soyadsız — genelde Brezilya/Portekiz futbolunda gerçek ama gözden geçirilmeye değer)",16,"Grêmio Barueri",14,hayır,hayır
"Fran","tek kelimelik isim (soyadsız — genelde Brezilya/Portekiz futbolunda gerçek ama gözden geçirilmeye değer)",10,"Hércules",14,hayır,evet
"Franciel","tek kelimelik isim (soyadsız — genelde Brezilya/Portekiz futbolunda gerçek ama gözden geçirilmeye değer)",13,"Mogi Mirim",14,hayır,hayır
"Gilmar","tek kelimelik isim (soyadsız — genelde Brezilya/Portekiz futbolunda gerçek ama gözden geçirilmeye değer)",10,"Botafogo",14,hayır,evet
"Hélder","tek kelimelik isim (soyadsız — genelde Brezilya/Portekiz futbolunda gerçek ama gözden geçirilmeye değer)",6,"AEL",14,hayır,evet
"Ito","tek kelimelik isim (soyadsız — genelde Brezilya/Portekiz futbolunda gerçek ama gözden geçirilmeye değer)",6,"Cacereño",14,hayır,evet
"Luizinho","tek kelimelik isim (soyadsız — genelde Brezilya/Portekiz futbolunda gerçek ama gözden geçirilmeye değer)",6,"Marcílio Dias",14,hayır,evet
"Mauro","tek kelimelik isim (soyadsız — genelde Brezilya/Portekiz futbolunda gerçek ama gözden geçirilmeye değer)",4,"Esmoriz",14,hayır,evet
"Meca","tek kelimelik isim (soyadsız — genelde Brezilya/Portekiz futbolunda gerçek ama gözden geçirilmeye değer)",12,"Lorca Atlético",14,hayır,hayır
"Oli","tek kelimelik isim (soyadsız — genelde Brezilya/Portekiz futbolunda gerçek ama gözden geçirilmeye değer)",4,"Cádiz",14,hayır,evet
"Preki","tek kelimelik isim (soyadsız — genelde Brezilya/Portekiz futbolunda gerçek ama gözden geçirilmeye değer)",9,"Miami Fusion",14,hayır,evet
"Quinzinho","tek kelimelik isim (soyadsız — genelde Brezilya/Portekiz futbolunda gerçek ama gözden geçirilmeye değer)",13,"Caála",14,hayır,hayır
"Renaldo","tek kelimelik isim (soyadsız — genelde Brezilya/Portekiz futbolunda gerçek ama gözden geçirilmeye değer)",23,"Vilavelhense",14,hayır,hayır
"Rudison","tek kelimelik isim (soyadsız — genelde Brezilya/Portekiz futbolunda gerçek ama gözden geçirilmeye değer)",14,"Turan Tovuz",14,hayır,hayır
"Simão","tek kelimelik isim (soyadsız — genelde Brezilya/Portekiz futbolunda gerçek ama gözden geçirilmeye değer)",9,"Goiás",14,hayır,evet
"Tiko","tek kelimelik isim (soyadsız — genelde Brezilya/Portekiz futbolunda gerçek ama gözden geçirilmeye değer)",4,"Eibar",14,hayır,evet
"Vágner","tek kelimelik isim (soyadsız — genelde Brezilya/Portekiz futbolunda gerçek ama gözden geçirilmeye değer)",9,"Atlético Mineiro",14,hayır,evet
"Andrade","tek kelimelik isim (soyadsız — genelde Brezilya/Portekiz futbolunda gerçek ama gözden geçirilmeye değer)",12,"Bangu",13,hayır,evet
"Bebeto","tek kelimelik isim (soyadsız — genelde Brezilya/Portekiz futbolunda gerçek ama gözden geçirilmeye değer)",10,"Al-Ittihad",13,hayır,evet
"Branco","tek kelimelik isim (soyadsız — genelde Brezilya/Portekiz futbolunda gerçek ama gözden geçirilmeye değer)",12,"NY/NJ MetroStars",13,hayır,evet
"Dirceu","tek kelimelik isim (soyadsız — genelde Brezilya/Portekiz futbolunda gerçek ama gözden geçirilmeye değer)",15,"Atlético Yucatán",13,hayır,evet
"Djair","tek kelimelik isim (soyadsız — genelde Brezilya/Portekiz futbolunda gerçek ama gözden geçirilmeye değer)",16,"Duque de Caxias",13,hayır,hayır
"Donato","tek kelimelik isim (soyadsız — genelde Brezilya/Portekiz futbolunda gerçek ama gözden geçirilmeye değer)",4,"Deportivo La Coruña",13,hayır,evet
"Dunga","tek kelimelik isim (soyadsız — genelde Brezilya/Portekiz futbolunda gerçek ama gözden geçirilmeye değer)",9,"Júbilo Iwata",13,hayır,evet
"Ednilson","tek kelimelik isim (soyadsız — genelde Brezilya/Portekiz futbolunda gerçek ama gözden geçirilmeye değer)",9,"Vasas",13,hayır,hayır
"Eloi","tek kelimelik isim (soyadsız — genelde Brezilya/Portekiz futbolunda gerçek ama gözden geçirilmeye değer)",16,"Nacional (AM)",13,hayır,evet
"Josetxo","tek kelimelik isim (soyadsız — genelde Brezilya/Portekiz futbolunda gerçek ama gözden geçirilmeye değer)",4,"Huesca",13,hayır,hayır
"Koikili","tek kelimelik isim (soyadsız — genelde Brezilya/Portekiz futbolunda gerçek ama gözden geçirilmeye değer)",7,"Mirandés",13,hayır,hayır
"Mazinho","tek kelimelik isim (soyadsız — genelde Brezilya/Portekiz futbolunda gerçek ama gözden geçirilmeye değer)",8,"Vitória",13,hayır,evet
"Mingo","tek kelimelik isim (soyadsız — genelde Brezilya/Portekiz futbolunda gerçek ama gözden geçirilmeye değer)",7,"Gimnàstic",13,hayır,hayır
"Moacir","tek kelimelik isim (soyadsız — genelde Brezilya/Portekiz futbolunda gerçek ama gözden geçirilmeye değer)",8,"Uberaba",13,hayır,evet
"Neru","tek kelimelik isim (soyadsız — genelde Brezilya/Portekiz futbolunda gerçek ama gözden geçirilmeye değer)",8,"Pontevedra",13,hayır,hayır
"Paíto","tek kelimelik isim (soyadsız — genelde Brezilya/Portekiz futbolunda gerçek ama gözden geçirilmeye değer)",9,"Skoda Xanthi",13,hayır,hayır
"Paquito","tek kelimelik isim (soyadsız — genelde Brezilya/Portekiz futbolunda gerçek ama gözden geçirilmeye değer)",10,"Yverdon-Sport",13,hayır,hayır
"Poli","tek kelimelik isim (soyadsız — genelde Brezilya/Portekiz futbolunda gerçek ama gözden geçirilmeye değer)",5,"Recreativo",13,hayır,hayır
"Sietes","tek kelimelik isim (soyadsız — genelde Brezilya/Portekiz futbolunda gerçek ama gözden geçirilmeye değer)",10,"Avilés",13,hayır,hayır
"Sívori","tek kelimelik isim (soyadsız — genelde Brezilya/Portekiz futbolunda gerçek ama gözden geçirilmeye değer)",10,"La Unión",13,hayır,hayır
"Tuni","tek kelimelik isim (soyadsız — genelde Brezilya/Portekiz futbolunda gerçek ama gözden geçirilmeye değer)",7,"Sóller",13,hayır,hayır
"Adalto","tek kelimelik isim (soyadsız — genelde Brezilya/Portekiz futbolunda gerçek ama gözden geçirilmeye değer)",10,"Marília",12,hayır,hayır
"Agostinho","tek kelimelik isim (soyadsız — genelde Brezilya/Portekiz futbolunda gerçek ama gözden geçirilmeye değer)",13,"Palencia",12,hayır,hayır
"Amarildo","tek kelimelik isim (soyadsız — genelde Brezilya/Portekiz futbolunda gerçek ama gözden geçirilmeye değer)",6,"Vasco da Gama",12,hayır,evet
"Baltazar","tek kelimelik isim (soyadsız — genelde Brezilya/Portekiz futbolunda gerçek ama gözden geçirilmeye değer)",11,"Kyoto Purple Sanga",12,hayır,evet
"Benê","tek kelimelik isim (soyadsız — genelde Brezilya/Portekiz futbolunda gerçek ama gözden geçirilmeye değer)",14,"Aviación",12,hayır,evet
"Careca","tek kelimelik isim (soyadsız — genelde Brezilya/Portekiz futbolunda gerçek ama gözden geçirilmeye değer)",7,"São José-RS",12,hayır,evet
"Gaúcho","tek kelimelik isim (soyadsız — genelde Brezilya/Portekiz futbolunda gerçek ama gözden geçirilmeye değer)",11,"Fluminense",12,hayır,evet
"Irurzun","tek kelimelik isim (soyadsız — genelde Brezilya/Portekiz futbolunda gerçek ama gözden geçirilmeye değer)",11,"Mutilvera",12,hayır,hayır
"Josimar","tek kelimelik isim (soyadsız — genelde Brezilya/Portekiz futbolunda gerçek ama gözden geçirilmeye değer)",11,"Mineros de Guayana",12,hayır,evet
"Juary","tek kelimelik isim (soyadsız — genelde Brezilya/Portekiz futbolunda gerçek ama gözden geçirilmeye değer)",11,"Vitória-ES",12,hayır,evet
"Loren","tek kelimelik isim (soyadsız — genelde Brezilya/Portekiz futbolunda gerçek ama gözden geçirilmeye değer)",4,"Real Burgos",12,hayır,evet
"Luisinho","tek kelimelik isim (soyadsız — genelde Brezilya/Portekiz futbolunda gerçek ama gözden geçirilmeye değer)",4,"Corinthians",12,hayır,evet
"Mário","tek kelimelik isim (soyadsız — genelde Brezilya/Portekiz futbolunda gerçek ama gözden geçirilmeye değer)",6,"Juventude",12,hayır,evet
"Milton","tek kelimelik isim (soyadsız — genelde Brezilya/Portekiz futbolunda gerçek ama gözden geçirilmeye değer)",8,"FC St. Gallen",12,hayır,evet
"Mirandinha","tek kelimelik isim (soyadsız — genelde Brezilya/Portekiz futbolunda gerçek ama gözden geçirilmeye değer)",12,"Bellmare Hiratsuka",12,hayır,evet
"Nayim","tek kelimelik isim (soyadsız — genelde Brezilya/Portekiz futbolunda gerçek ama gözden geçirilmeye değer)",6,"Logroñés",12,hayır,evet
"Pirri","tek kelimelik isim (soyadsız — genelde Brezilya/Portekiz futbolunda gerçek ama gözden geçirilmeye değer)",3,"Puebla",12,hayır,evet
"Rubenilson","tek kelimelik isim (soyadsız — genelde Brezilya/Portekiz futbolunda gerçek ama gözden geçirilmeye değer)",12,"Ronse",12,hayır,hayır
"Tato","tek kelimelik isim (soyadsız — genelde Brezilya/Portekiz futbolunda gerçek ama gözden geçirilmeye değer)",9,"Grêmio",12,hayır,evet
"Voro","tek kelimelik isim (soyadsız — genelde Brezilya/Portekiz futbolunda gerçek ama gözden geçirilmeye değer)",5,"Logroñés",12,hayır,evet
"Ademir","tek kelimelik isim (soyadsız — genelde Brezilya/Portekiz futbolunda gerçek ama gözden geçirilmeye değer)",7,"Imortal",11,hayır,evet
"Agustín","tek kelimelik isim (soyadsız — genelde Brezilya/Portekiz futbolunda gerçek ama gözden geçirilmeye değer)",3,"Tenerife",11,hayır,evet
"Alvarito","tek kelimelik isim (soyadsız — genelde Brezilya/Portekiz futbolunda gerçek ama gözden geçirilmeye değer)",9,"Santa Barbara",11,hayır,evet
"Antoninho","tek kelimelik isim (soyadsız — genelde Brezilya/Portekiz futbolunda gerçek ama gözden geçirilmeye değer)",6,"Sertãozinho",11,hayır,evet
"Batista","tek kelimelik isim (soyadsız — genelde Brezilya/Portekiz futbolunda gerçek ama gözden geçirilmeye değer)",7,"Avaí",11,hayır,evet
"Bio","tek kelimelik isim (soyadsız — genelde Brezilya/Portekiz futbolunda gerçek ama gözden geçirilmeye değer)",7,"Sabadell",11,hayır,evet
"Biri","tek kelimelik isim (soyadsız — genelde Brezilya/Portekiz futbolunda gerçek ama gözden geçirilmeye değer)",6,"Olímpic",11,hayır,evet
"Cané","tek kelimelik isim (soyadsız — genelde Brezilya/Portekiz futbolunda gerçek ama gözden geçirilmeye değer)",4,"Montreal Castors",11,hayır,evet
"Cani","tek kelimelik isim (soyadsız — genelde Brezilya/Portekiz futbolunda gerçek ama gözden geçirilmeye değer)",6,"Deportivo La Coruña",11,hayır,evet
"Capucho","tek kelimelik isim (soyadsız — genelde Brezilya/Portekiz futbolunda gerçek ama gözden geçirilmeye değer)",6,"Celta",11,hayır,hayır
"Carlos","tek kelimelik isim (soyadsız — genelde Brezilya/Portekiz futbolunda gerçek ama gözden geçirilmeye değer)",4,"Español",11,hayır,evet
"Castaño","tek kelimelik isim (soyadsız — genelde Brezilya/Portekiz futbolunda gerçek ama gözden geçirilmeye değer)",4,"Córdoba",11,hayır,evet
"Chinesinho","tek kelimelik isim (soyadsız — genelde Brezilya/Portekiz futbolunda gerçek ama gözden geçirilmeye değer)",9,"Nacional-SP",11,hayır,evet
"Cholín","tek kelimelik isim (soyadsız — genelde Brezilya/Portekiz futbolunda gerçek ama gözden geçirilmeye değer)",3,"Granada",11,hayır,evet
"Cosme","tek kelimelik isim (soyadsız — genelde Brezilya/Portekiz futbolunda gerçek ama gözden geçirilmeye değer)",6,"Cultural Leonesa",11,hayır,evet
"Dedê","tek kelimelik isim (soyadsız — genelde Brezilya/Portekiz futbolunda gerçek ama gözden geçirilmeye değer)",4,"Eskişehirspor",11,hayır,evet
"Doudou","tek kelimelik isim (soyadsız — genelde Brezilya/Portekiz futbolunda gerçek ama gözden geçirilmeye değer)",4,"Racing Paris",11,hayır,hayır
"Dudu","tek kelimelik isim (soyadsız — genelde Brezilya/Portekiz futbolunda gerçek ama gözden geçirilmeye değer)",4,"Confiança",11,hayır,evet
"Germano","tek kelimelik isim (soyadsız — genelde Brezilya/Portekiz futbolunda gerçek ama gözden geçirilmeye değer)",5,"Standard de Liège",11,hayır,evet
"Jairzinho","tek kelimelik isim (soyadsız — genelde Brezilya/Portekiz futbolunda gerçek ama gözden geçirilmeye değer)",9,"9 de Octubre",11,hayır,evet
"Jesuli","tek kelimelik isim (soyadsız — genelde Brezilya/Portekiz futbolunda gerçek ama gözden geçirilmeye değer)",5,"Tenerife",11,hayır,hayır
"Julinho","tek kelimelik isim (soyadsız — genelde Brezilya/Portekiz futbolunda gerçek ama gözden geçirilmeye değer)",5,"Palmeiras",11,hayır,evet
"Leivinha","tek kelimelik isim (soyadsız — genelde Brezilya/Portekiz futbolunda gerçek ama gözden geçirilmeye değer)",5,"São Paulo",11,hayır,evet
"Lico","tek kelimelik isim (soyadsız — genelde Brezilya/Portekiz futbolunda gerçek ama gözden geçirilmeye değer)",7,"Alicante",11,hayır,evet
"Luci","tek kelimelik isim (soyadsız — genelde Brezilya/Portekiz futbolunda gerçek ama gözden geçirilmeye değer)",5,"San Roque Lepe",11,hayır,hayır
"Macala","tek kelimelik isim (soyadsız — genelde Brezilya/Portekiz futbolunda gerçek ama gözden geçirilmeye değer)",7,"Gimnástica",11,hayır,evet
"Manolete","tek kelimelik isim (soyadsız — genelde Brezilya/Portekiz futbolunda gerçek ama gözden geçirilmeye değer)",4,"Hércules",11,hayır,evet
"Marañón","tek kelimelik isim (soyadsız — genelde Brezilya/Portekiz futbolunda gerçek ama gözden geçirilmeye değer)",5,"Sabadell",11,hayır,evet
"Moisés","tek kelimelik isim (soyadsız — genelde Brezilya/Portekiz futbolunda gerçek ama gözden geçirilmeye değer)",9,"Bangu",11,hayır,evet
"Nico","tek kelimelik isim (soyadsız — genelde Brezilya/Portekiz futbolunda gerçek ama gözden geçirilmeye değer)",5,"Gimnástica de Torrelavega",11,hayır,evet
"Niginho","tek kelimelik isim (soyadsız — genelde Brezilya/Portekiz futbolunda gerçek ama gözden geçirilmeye değer)",5,"Cruzeiro",11,hayır,evet
"Ñito","tek kelimelik isim (soyadsız — genelde Brezilya/Portekiz futbolunda gerçek ama gözden geçirilmeye değer)",5,"Real Murcia",11,hayır,evet
"Pachín","tek kelimelik isim (soyadsız — genelde Brezilya/Portekiz futbolunda gerçek ama gözden geçirilmeye değer)",6,"Toluca",11,hayır,evet
"Pahiño","tek kelimelik isim (soyadsız — genelde Brezilya/Portekiz futbolunda gerçek ama gözden geçirilmeye değer)",4,"Granada",11,hayır,evet
"Pasieguito","tek kelimelik isim (soyadsız — genelde Brezilya/Portekiz futbolunda gerçek ama gözden geçirilmeye değer)",3,"Burgos",11,hayır,evet
"Peral","tek kelimelik isim (soyadsız — genelde Brezilya/Portekiz futbolunda gerçek ama gözden geçirilmeye değer)",4,"Calavera",11,hayır,evet
"Quique","tek kelimelik isim (soyadsız — genelde Brezilya/Portekiz futbolunda gerçek ama gözden geçirilmeye değer)",3,"Hércules",11,hayır,evet
"Raúl","tek kelimelik isim (soyadsız — genelde Brezilya/Portekiz futbolunda gerçek ama gözden geçirilmeye değer)",6,"New York Cosmos",11,hayır,evet
"Txutxi","tek kelimelik isim (soyadsız — genelde Brezilya/Portekiz futbolunda gerçek ama gözden geçirilmeye değer)",7,"Sangonera",11,hayır,hayır
"Waldo","tek kelimelik isim (soyadsız — genelde Brezilya/Portekiz futbolunda gerçek ama gözden geçirilmeye değer)",4,"Hércules",11,hayır,evet
"Wanderley","tek kelimelik isim (soyadsız — genelde Brezilya/Portekiz futbolunda gerçek ama gözden geçirilmeye değer)",5,"Hércules",11,hayır,evet
"Yayo","tek kelimelik isim (soyadsız — genelde Brezilya/Portekiz futbolunda gerçek ama gözden geçirilmeye değer)",4,"Celta de Vigo",11,hayır,evet
"Chacho","tek kelimelik isim (soyadsız — genelde Brezilya/Portekiz futbolunda gerçek ama gözden geçirilmeye değer)",2,"Atlético de Madrid",10,hayır,evet
"Curta","tek kelimelik isim (soyadsız — genelde Brezilya/Portekiz futbolunda gerçek ama gözden geçirilmeye değer)",2,"FC Barcelona",10,hayır,evet
"Geli","tek kelimelik isim (soyadsız — genelde Brezilya/Portekiz futbolunda gerçek ama gözden geçirilmeye değer)",6,"Gimnástica",10,hayır,hayır
"Mauricinho","tek kelimelik isim (soyadsız — genelde Brezilya/Portekiz futbolunda gerçek ama gözden geçirilmeye değer)",10,"Kyoto Purple Sanga",10,hayır,hayır
"Nito","tek kelimelik isim (soyadsız — genelde Brezilya/Portekiz futbolunda gerçek ama gözden geçirilmeye değer)",2,"Cádiz",10,hayır,evet
"Oti","tek kelimelik isim (soyadsız — genelde Brezilya/Portekiz futbolunda gerçek ama gözden geçirilmeye değer)",9,"Universidad",10,hayır,hayır
"Pololo","tek kelimelik isim (soyadsız — genelde Brezilya/Portekiz futbolunda gerçek ama gözden geçirilmeye değer)",2,"Real Oviedo",10,hayır,evet
"Canito","tek kelimelik isim (soyadsız — genelde Brezilya/Portekiz futbolunda gerçek ama gözden geçirilmeye değer)",9,"Iberiana",9,hayır,hayır
"Enéas","tek kelimelik isim (soyadsız — genelde Brezilya/Portekiz futbolunda gerçek ama gözden geçirilmeye değer)",9,"AA Central Brasileira",9,hayır,hayır
"Geraldão","tek kelimelik isim (soyadsız — genelde Brezilya/Portekiz futbolunda gerçek ama gözden geçirilmeye değer)",8,"Portuguesa",9,hayır,hayır
"Guina","tek kelimelik isim (soyadsız — genelde Brezilya/Portekiz futbolunda gerçek ama gözden geçirilmeye değer)",9,"Mauaense",9,hayır,hayır
"Jatobá","tek kelimelik isim (soyadsız — genelde Brezilya/Portekiz futbolunda gerçek ama gözden geçirilmeye değer)",12,"Botafogo",9,hayır,hayır
"Mancini","tek kelimelik isim (soyadsız — genelde Brezilya/Portekiz futbolunda gerçek ama gözden geçirilmeye değer)",10,"América Mineiro",9,hayır,hayır
"Melli","tek kelimelik isim (soyadsız — genelde Brezilya/Portekiz futbolunda gerçek ama gözden geçirilmeye değer)",11,"Mirandés",9,hayır,hayır
"Mino","tek kelimelik isim (soyadsız — genelde Brezilya/Portekiz futbolunda gerçek ama gözden geçirilmeye değer)",7,"Logroñés",9,hayır,hayır
"Pita","tek kelimelik isim (soyadsız — genelde Brezilya/Portekiz futbolunda gerçek ama gözden geçirilmeye değer)",7,"Inter de Limeira",9,hayır,hayır
"Pizzi","tek kelimelik isim (soyadsız — genelde Brezilya/Portekiz futbolunda gerçek ama gözden geçirilmeye değer)",13,"Estoril",9,hayır,hayır
"Rochinha","tek kelimelik isim (soyadsız — genelde Brezilya/Portekiz futbolunda gerçek ama gözden geçirilmeye değer)",10,"Casa Pia",9,hayır,hayır
"Silas","tek kelimelik isim (soyadsız — genelde Brezilya/Portekiz futbolunda gerçek ama gözden geçirilmeye değer)",12,"Cova Piedade",9,hayır,hayır
"Son","tek kelimelik isim (soyadsız — genelde Brezilya/Portekiz futbolunda gerçek ama gözden geçirilmeye değer)",10,"Ludogorets Razgrad",9,EVET,hayır
"Stoichkov","tek kelimelik isim (soyadsız — genelde Brezilya/Portekiz futbolunda gerçek ama gözden geçirilmeye değer)",13,"Johor Darul Ta'zim",9,EVET,hayır
"Travieso","tek kelimelik isim (soyadsız — genelde Brezilya/Portekiz futbolunda gerçek ama gözden geçirilmeye değer)",10,"Córdoba",9,hayır,hayır
"Wando","tek kelimelik isim (soyadsız — genelde Brezilya/Portekiz futbolunda gerçek ama gözden geçirilmeye değer)",7,"XV de Jaú",9,hayır,hayır
"Juanan","tek kelimelik isim (soyadsız — genelde Brezilya/Portekiz futbolunda gerçek ama gözden geçirilmeye değer)",10,"Bengaluru",9,hayır,hayır
"Alípio","tek kelimelik isim (soyadsız — genelde Brezilya/Portekiz futbolunda gerçek ama gözden geçirilmeye değer)",11,"Apollon Smyrnis",9,EVET,hayır
"Danilinho","tek kelimelik isim (soyadsız — genelde Brezilya/Portekiz futbolunda gerçek ama gözden geçirilmeye değer)",10,"América Futebol Clube",9,hayır,hayır
"Corona","tek kelimelik isim (soyadsız — genelde Brezilya/Portekiz futbolunda gerçek ama gözden geçirilmeye değer)",13,"Spain national under-16 association football team",9,hayır,hayır
"Iarley","tek kelimelik isim (soyadsız — genelde Brezilya/Portekiz futbolunda gerçek ama gözden geçirilmeye değer)",13,"Ferroviário Atlético Clube",9,hayır,hayır
"Triguinho","tek kelimelik isim (soyadsız — genelde Brezilya/Portekiz futbolunda gerçek ama gözden geçirilmeye değer)",12,"Academia Desportiva Manthiqueira Futebol",9,hayır,hayır
"Ameztoy","tek kelimelik isim (soyadsız — genelde Brezilya/Portekiz futbolunda gerçek ama gözden geçirilmeye değer)",3,"Gimnàstic de Tarragona",8,hayır,hayır
"Balín","tek kelimelik isim (soyadsız — genelde Brezilya/Portekiz futbolunda gerçek ama gözden geçirilmeye değer)",3,"Salamanca",8,hayır,hayır
"Beitia","tek kelimelik isim (soyadsız — genelde Brezilya/Portekiz futbolunda gerçek ama gözden geçirilmeye değer)",8,"Salamanca",8,hayır,hayır
"Boria","tek kelimelik isim (soyadsız — genelde Brezilya/Portekiz futbolunda gerçek ama gözden geçirilmeye değer)",5,"Mensajero",8,hayır,hayır
"Brandãozinho","tek kelimelik isim (soyadsız — genelde Brezilya/Portekiz futbolunda gerçek ama gözden geçirilmeye değer)",7,"Real Oviedo",8,hayır,hayır
"Casuco","tek kelimelik isim (soyadsız — genelde Brezilya/Portekiz futbolunda gerçek ama gözden geçirilmeye değer)",6,"Orihuela",8,hayır,hayır
"Emilín","tek kelimelik isim (soyadsız — genelde Brezilya/Portekiz futbolunda gerçek ama gözden geçirilmeye değer)",5,"Real Club España",8,hayır,hayır
"Eusebio","tek kelimelik isim (soyadsız — genelde Brezilya/Portekiz futbolunda gerçek ama gözden geçirilmeye değer)",5,"Celta",8,hayır,hayır
"Herrerita","tek kelimelik isim (soyadsız — genelde Brezilya/Portekiz futbolunda gerçek ama gözden geçirilmeye değer)",3,"Badajoz",8,hayır,hayır
"Jason","tek kelimelik isim (soyadsız — genelde Brezilya/Portekiz futbolunda gerçek ama gözden geçirilmeye değer)",9,"Al-Fayha",8,EVET,hayır
"Juani","tek kelimelik isim (soyadsız — genelde Brezilya/Portekiz futbolunda gerçek ama gözden geçirilmeye değer)",4,"Telde",8,hayır,hayır
"Juanín","tek kelimelik isim (soyadsız — genelde Brezilya/Portekiz futbolunda gerçek ama gözden geçirilmeye değer)",4,"Calvo Sotelo",8,hayır,hayır
"Kavanagh","tek kelimelik isim (soyadsız — genelde Brezilya/Portekiz futbolunda gerçek ama gözden geçirilmeye değer)",4,"Nelson",8,hayır,hayır
"Lauren","tek kelimelik isim (soyadsız — genelde Brezilya/Portekiz futbolunda gerçek ama gözden geçirilmeye değer)",7,"Córdoba",8,hayır,hayır
"Lilo","tek kelimelik isim (soyadsız — genelde Brezilya/Portekiz futbolunda gerçek ama gözden geçirilmeye değer)",3,"Celta de Vigo",8,hayır,hayır
"Luiche","tek kelimelik isim (soyadsız — genelde Brezilya/Portekiz futbolunda gerçek ama gözden geçirilmeye değer)",8,"Benicarló",8,hayır,hayır
"Manín","tek kelimelik isim (soyadsız — genelde Brezilya/Portekiz futbolunda gerçek ama gözden geçirilmeye değer)",3,"Imperio",8,hayır,hayır
"Mauri","tek kelimelik isim (soyadsız — genelde Brezilya/Portekiz futbolunda gerçek ama gözden geçirilmeye değer)",5,"Avilés",8,hayır,hayır
"Momo","tek kelimelik isim (soyadsız — genelde Brezilya/Portekiz futbolunda gerçek ama gözden geçirilmeye değer)",7,"Betis",8,hayır,hayır
"Moruca","tek kelimelik isim (soyadsız — genelde Brezilya/Portekiz futbolunda gerçek ama gözden geçirilmeye değer)",4,"Eibar",8,hayır,hayır
"Nardo","tek kelimelik isim (soyadsız — genelde Brezilya/Portekiz futbolunda gerçek ama gözden geçirilmeye değer)",5,"Portuguesa",8,hayır,hayır
"Nolete","tek kelimelik isim (soyadsız — genelde Brezilya/Portekiz futbolunda gerçek ama gözden geçirilmeye değer)",3,"Orensana",8,hayır,hayır
"Paseiro","tek kelimelik isim (soyadsız — genelde Brezilya/Portekiz futbolunda gerçek ama gözden geçirilmeye değer)",8,"Xerez",8,hayır,hayır
"Pepillo","tek kelimelik isim (soyadsız — genelde Brezilya/Portekiz futbolunda gerçek ama gözden geçirilmeye değer)",5,"Málaga",8,hayır,hayır
"Perico","tek kelimelik isim (soyadsız — genelde Brezilya/Portekiz futbolunda gerçek ama gözden geçirilmeye değer)",9,"Panachaiki",8,hayır,hayır
"Pierita","tek kelimelik isim (soyadsız — genelde Brezilya/Portekiz futbolunda gerçek ama gözden geçirilmeye değer)",6,"Imperial",8,hayır,hayır
"Pintinho","tek kelimelik isim (soyadsız — genelde Brezilya/Portekiz futbolunda gerçek ama gözden geçirilmeye değer)",5,"Farense",8,hayır,hayır
"Pirelo","tek kelimelik isim (soyadsız — genelde Brezilya/Portekiz futbolunda gerçek ama gözden geçirilmeye değer)",3,"Pontevedra",8,hayır,hayır
"Pruden","tek kelimelik isim (soyadsız — genelde Brezilya/Portekiz futbolunda gerçek ama gözden geçirilmeye değer)",5,"Plus Ultra",8,hayır,hayır
"Quecho","tek kelimelik isim (soyadsız — genelde Brezilya/Portekiz futbolunda gerçek ama gözden geçirilmeye değer)",4,"Arenteiro",8,hayır,hayır
"Quincoces","tek kelimelik isim (soyadsız — genelde Brezilya/Portekiz futbolunda gerçek ama gözden geçirilmeye değer)",4,"Alavés",8,hayır,hayır
"Ramoní","tek kelimelik isim (soyadsız — genelde Brezilya/Portekiz futbolunda gerçek ama gözden geçirilmeye değer)",3,"CD Málaga",8,hayır,hayır
"Ramonzuelo","tek kelimelik isim (soyadsız — genelde Brezilya/Portekiz futbolunda gerçek ama gözden geçirilmeye değer)",5,"Hércules",8,hayır,hayır
"Sansón","tek kelimelik isim (soyadsız — genelde Brezilya/Portekiz futbolunda gerçek ama gözden geçirilmeye değer)",5,"Xerez",8,hayır,hayır
"Suco","tek kelimelik isim (soyadsız — genelde Brezilya/Portekiz futbolunda gerçek ama gözden geçirilmeye değer)",6,"Arosa",8,hayır,hayır
"Tatono","tek kelimelik isim (soyadsız — genelde Brezilya/Portekiz futbolunda gerçek ama gözden geçirilmeye değer)",5,"Algemesí",8,hayır,hayır
"Trézéguet","tek kelimelik isim (soyadsız — genelde Brezilya/Portekiz futbolunda gerçek ama gözden geçirilmeye değer)",9,"Al-Riyadh",8,hayır,hayır
"Zeferino","tek kelimelik isim (soyadsız — genelde Brezilya/Portekiz futbolunda gerçek ama gözden geçirilmeye değer)",8,"Hibernians",8,hayır,hayır
"Rubén","tek kelimelik isim (soyadsız — genelde Brezilya/Portekiz futbolunda gerçek ama gözden geçirilmeye değer)",6,"Spain national under-19 football team",8,hayır,hayır
"Berasaluce","tek kelimelik isim (soyadsız — genelde Brezilya/Portekiz futbolunda gerçek ama gözden geçirilmeye değer)",6,"Spain B national football team",8,hayır,hayır
"Jaguaré","tek kelimelik isim (soyadsız — genelde Brezilya/Portekiz futbolunda gerçek ama gözden geçirilmeye değer)",7,"CR Vasco da Gama",8,hayır,hayır
"Jiménez","tek kelimelik isim (soyadsız — genelde Brezilya/Portekiz futbolunda gerçek ama gözden geçirilmeye değer)",8,"Real Betis B",8,hayır,hayır
"Chuzo","tek kelimelik isim (soyadsız — genelde Brezilya/Portekiz futbolunda gerçek ama gözden geçirilmeye değer)",2,"Málaga",7,hayır,hayır
"Flaco","tek kelimelik isim (soyadsız — genelde Brezilya/Portekiz futbolunda gerçek ama gözden geçirilmeye değer)",3,"Molde",7,hayır,hayır
"Hermidita","tek kelimelik isim (soyadsız — genelde Brezilya/Portekiz futbolunda gerçek ama gözden geçirilmeye değer)",2,"Córdoba",7,hayır,hayır
"Novoa","tek kelimelik isim (soyadsız — genelde Brezilya/Portekiz futbolunda gerçek ama gözden geçirilmeye değer)",3,"Avilés",7,hayır,hayır
"Pachichu","tek kelimelik isim (soyadsız — genelde Brezilya/Portekiz futbolunda gerçek ama gözden geçirilmeye değer)",2,"Real Madrid Castilla",7,hayır,hayır
"Natureza","tek kelimelik isim (soyadsız — genelde Brezilya/Portekiz futbolunda gerçek ama gözden geçirilmeye değer)",1,"Real Madrid Club de Fútbol",7,hayır,hayır
"Galé","tek kelimelik isim (soyadsız — genelde Brezilya/Portekiz futbolunda gerçek ama gözden geçirilmeye değer)",2,"Real Oviedo",7,hayır,hayır
"Pedrito","tek kelimelik isim (soyadsız — genelde Brezilya/Portekiz futbolunda gerçek ama gözden geçirilmeye değer)",1,"FC Barcelona",7,hayır,hayır
"Rusky","tek kelimelik isim (soyadsız — genelde Brezilya/Portekiz futbolunda gerçek ama gözden geçirilmeye değer)",2,"Real Valladolid",7,hayır,hayır
"Trausenecker","tek kelimelik isim (soyadsız — genelde Brezilya/Portekiz futbolunda gerçek ama gözden geçirilmeye değer)",1,"FC Bayern Munich",7,hayır,hayır
"Lindemann","tek kelimelik isim (soyadsız — genelde Brezilya/Portekiz futbolunda gerçek ama gözden geçirilmeye değer)",2,"Spandauer SV",7,hayır,hayır
"Dippold","tek kelimelik isim (soyadsız — genelde Brezilya/Portekiz futbolunda gerçek ama gözden geçirilmeye değer)",1,"FC Bayern Munich",7,hayır,hayır
"Körner","tek kelimelik isim (soyadsız — genelde Brezilya/Portekiz futbolunda gerçek ama gözden geçirilmeye değer)",1,"FC Bayern Munich",7,hayır,hayır
"Framke","tek kelimelik isim (soyadsız — genelde Brezilya/Portekiz futbolunda gerçek ama gözden geçirilmeye değer)",1,"FC Bayern Munich",7,hayır,hayır
"Gammel","tek kelimelik isim (soyadsız — genelde Brezilya/Portekiz futbolunda gerçek ama gözden geçirilmeye değer)",1,"FC Bayern Munich",7,hayır,hayır
"Schuster","tek kelimelik isim (soyadsız — genelde Brezilya/Portekiz futbolunda gerçek ama gözden geçirilmeye değer)",1,"FC Bayern Munich",7,hayır,hayır
"Späcker","tek kelimelik isim (soyadsız — genelde Brezilya/Portekiz futbolunda gerçek ama gözden geçirilmeye değer)",1,"FC Bayern Munich",7,hayır,hayır
"Unger","tek kelimelik isim (soyadsız — genelde Brezilya/Portekiz futbolunda gerçek ama gözden geçirilmeye değer)",1,"FC Bayern Munich",7,hayır,hayır
"Ravano","tek kelimelik isim (soyadsız — genelde Brezilya/Portekiz futbolunda gerçek ama gözden geçirilmeye değer)",3,"Società Ginnastica Andrea Doria",7,hayır,hayır
"Bella","tek kelimelik isim (soyadsız — genelde Brezilya/Portekiz futbolunda gerçek ama gözden geçirilmeye değer)",3,"Società Ginnastica Andrea Doria",7,hayır,hayır
"Pablo César Aguilar ""El Capi Azulado""","tırnak içinde lakap içeriyor",10,"Club Tijuana",9,hayır,hayır
"Alexander Staff","yer tutucu/placeholder kelime",3,"1. FC Saarbrücken",21,hayır,hayır