tip,oyuncu,eski,yeni
bozuk ad onarildi,Christophe Cocard,[[Guangdong Hongyuan F.C.|Guang,Guangdong Hongyuan F.C.
bozuk ad onarildi,Franco Causio,Total,(silindi)
bozuk ad onarildi,George Goddard,"Wolverhampton Wanderers,",Wolverhampton Wanderers
bozuk ad onarildi,Juninho,[[Xewkija Tigers F.C.|,Xewkija Tigers F.C.
bozuk ad onarildi,Levan Shengelia,[[FC Dinamo Batumi|,FC Dinamo Batumi
cift yazim birlestirildi,Aaron Travis,Hurst Albion,Hurst
cift yazim birlestirildi,Abbosbek Fayzullaev,Başakşehir,İstanbul Başakşehir
cift yazim birlestirildi,Abde Ezzalzouli,Real Betis,Betis
cift yazim birlestirildi,Abdellah Kharbouchi,AC Amiens,Amiens
cift yazim birlestirildi,Abdelmajid Oulmers,FC Charleroi,Charleroi
cift yazim birlestirildi,Abdisalam Ibrahim,Strømsgodset 2,Strømsgodset
cift yazim birlestirildi,Abdisalam Ibrahim,Viking 2,Viking
cift yazim birlestirildi,Abdisalam Ibrahim,Vålerenga 2,Vålerenga
cift yazim birlestirildi,Abu-Bakarr Kargbo,Berliner AK,Berliner AK 07
cift yazim birlestirildi,Achille Anani,Marseille Endoume,Marseille
cift yazim birlestirildi,Adalto,América de Natal,América
cift yazim birlestirildi,Adam Bareiro,River Plate Asunción,River Plate
cift yazim birlestirildi,Adam Dźwigała,St. Pauli,FC St. Pauli
cift yazim birlestirildi,Adam Morgan,City of Liverpool,Liverpool
cift yazim birlestirildi,Adam Priestley,Farsley,Farsley Celtic
cift yazim birlestirildi,Ade Coker,San Diego Sockers (indoor),San Diego Sockers
cift yazim birlestirildi,Adedire Mebude,Rizespor,Çaykur Rizespor
cift yazim birlestirildi,Admir Bristrić,Polissya-2 Zhytomyr,Polissya Zhytomyr
cift yazim birlestirildi,Adnan Čustović,Mouscron-Péruwelz,Mouscron
cift yazim birlestirildi,Adolfo Bolea,Balón de Cádiz,Cádiz
cift yazim birlestirildi,Adrian Capes,Burslem Port Vale,Port Vale
cift yazim birlestirildi,Adrián Martín,Xerez Deportivo,Xerez
cift yazim birlestirildi,Adrián Ricchiuti,Virtus,Virtus Entella
cift yazim birlestirildi,Adrien Goñi,Bilbao Athletic,Athletic Bilbao
cift yazim birlestirildi,Adrien Hunou,Minnesota United 2,Minnesota United
cift yazim birlestirildi,Ahmed Kutucu,Rizespor,Çaykur Rizespor
cift yazim birlestirildi,Ahmed Tangeaoui,Évreux AC,Évreux
cift yazim birlestirildi,Ahmet Aras,1928 Bucaspor,Bucaspor
cift yazim birlestirildi,Aingeru Olabarrieta,Bilbao Athletic,Athletic Bilbao
cift yazim birlestirildi,Aitor Karanka,Bilbao Athletic,Athletic Bilbao
cift yazim birlestirildi,Aitor Larrazábal,Bilbao Athletic,Athletic Bilbao
cift yazim birlestirildi,Aitor Paredes,Bilbao Athletic,Athletic Bilbao
cift yazim birlestirildi,Aitor Ramos,Bilbao Athletic,Athletic Bilbao
cift yazim birlestirildi,Aitor Ruibal,Real Betis,Betis
cift yazim birlestirildi,Akaki Khubutia,Dinamo Tbilisi 2,Dinamo Tbilisi
cift yazim birlestirildi,Akseli Puukko,Reipas Lahti,Lahti
cift yazim birlestirildi,Alan Bennett,Green Gully Ajax,Green Gully
cift yazim birlestirildi,Alan Fowler,Swindon Town (war guest),Swindon Town
cift yazim birlestirildi,Alan Hudson,Seattle Sounders (indoor),Seattle Sounders
cift yazim birlestirildi,Alan Julian,Stevenage Borough,Stevenage
cift yazim birlestirildi,Alan Livingstone,Dumbarton Harp,Dumbarton
cift yazim birlestirildi,Alban Bushi,Partizani Tirana,Tirana
cift yazim birlestirildi,Albert Aldridge,Walsall Swifts,Walsall Town Swifts
cift yazim birlestirildi,Albert Godderidge,Tamworth Twogates,Tamworth
cift yazim birlestirildi,Albert Green,Watford Orient,Watford
cift yazim birlestirildi,Albert Juliussen,Dundee United (wartime),Dundee
cift yazim birlestirildi,Albert Juliussen,Dundee United,Dundee
cift yazim birlestirildi,Albert Lindsay,Sunderland Royal Rovers,Sunderland
cift yazim birlestirildi,Albert Monks,Hurst Ramblers,Hurst
cift yazim birlestirildi,Albert Posiadała,Molde 2,Molde
cift yazim birlestirildi,Albert Roussos,Iraklis Maritsa,Iraklis
cift yazim birlestirildi,Albert Stroni,Ponte Ourense,Ourense
cift yazim birlestirildi,Albert Vanucci,Gazélec Ajaccio,Ajaccio
cift yazim birlestirildi,Alberto Cifuentes,Ciudad Murcia,Murcia
cift yazim birlestirildi,Alberto Ginulfi,Tevere Roma,Roma
cift yazim birlestirildi,Alberto Giordani,Virtus Bologna,Bologna
cift yazim birlestirildi,Alberto Loret de Mola,Huracán de Medellín,Huracán
cift yazim birlestirildi,Alberto Moreno,Sevilla Atlético,Sevilla
cift yazim birlestirildi,Alec Brady,Renton Thistle,Renton
cift yazim birlestirildi,Alec Brady,Sunderland Albion,Sunderland
cift yazim birlestirildi,Aleh Veratsila,Minsk,Dinamo Minsk
cift yazim birlestirildi,Aleix Febas,Celta Vigo,Celta
cift yazim birlestirildi,Alejandro Rego,Bilbao Athletic,Athletic Bilbao
cift yazim birlestirildi,Aleksandar Luković,Zenit-2 Saint Petersburg,Zenit Saint Petersburg
cift yazim birlestirildi,Aleksandr Anufriyev,Isloch Minsk Raion,Minsk
cift yazim birlestirildi,Aleksandr Bulychyov,Maxline Vitebsk,Vitebsk
cift yazim birlestirildi,Aleksandr Komlev,Dinamo-2 Minsk,Dinamo Minsk
cift yazim birlestirildi,Aleksandr Komlev,Minsk,Dinamo Minsk
cift yazim birlestirildi,Aleksandr Makas,Partizan Minsk,Minsk
cift yazim birlestirildi,Aleksandr Makas,Minsk-2,Minsk
cift yazim birlestirildi,Aleksandr Makas,Minsk,Dinamo Minsk
cift yazim birlestirildi,Aleksandr Plotnikov,Rostselmash-d Rostov-on-Don,Rostselmash Rostov-on-Don
cift yazim birlestirildi,Aleksandr Poznyak,Minsk,Dinamo Minsk
cift yazim birlestirildi,Aleksandr Shestyuk,RFS-2,RFS
cift yazim birlestirildi,Aleksandre Amisulashvili,Dynamo-2 Kyiv,Dynamo Kyiv
cift yazim birlestirildi,Aleksandre Amisulashvili,Dynamo-3 Kyiv,Dynamo Kyiv
cift yazim birlestirildi,Aleksandre Kobakhidze,Dnipro,Dnipro-1
cift yazim birlestirildi,Aleksey Butarevich,Smolevichi,Smolevichi-STI
cift yazim birlestirildi,Aleksey Lavrik,Energetik-BGU Minsk,Minsk
cift yazim birlestirildi,Aleksey Vakulich,Energetik-BGU Minsk,Minsk
cift yazim birlestirildi,Aleksey Vakulich,Minsk,Dinamo Minsk
cift yazim birlestirildi,Alessandro Carrozza,Fiamma Jonica Gallipoli,Gallipoli
cift yazim birlestirildi,Alessandro Cortinovis,Atalanta Under-23,Atalanta
cift yazim birlestirildi,Alessandro Mallamo,Atalanta Under-23,Atalanta
cift yazim birlestirildi,Alessandro Sgrigna,Leodari Vicenza,Vicenza
cift yazim birlestirildi,Alessio Cristiani,Robur Siena,Siena
cift yazim birlestirildi,Alex Albistegi,Burgos Promesas,Burgos
cift yazim birlestirildi,Alex Gersbach,Western Sydney Wanderers,Sydney
cift yazim birlestirildi,Alex Gersbach,Colorado Rapids 2,Colorado Rapids
cift yazim birlestirildi,Alex Hall,Hibernian (guest),Hibernian
cift yazim birlestirildi,Alex Henshall,Devizes Town (dual-registration),Devizes Town
cift yazim birlestirildi,Alex Lindsay,Dundee Violet,Dundee
cift yazim birlestirildi,Alex Padilla,Bilbao Athletic,Athletic Bilbao
cift yazim birlestirildi,Álex Remiro,Bilbao Athletic,Athletic Bilbao
cift yazim birlestirildi,Álex Sánchez,Universidad Zaragoza,Zaragoza
cift yazim birlestirildi,Alexander Aschauer,AKA Red Bull Salzburg,Red Bull Salzburg
cift yazim birlestirildi,Alexander Aschauer,Red Bull Juniors Salzburg,Red Bull Salzburg
cift yazim birlestirildi,Alexander Baumjohann,Western Sydney Wanderers,Sydney
cift yazim birlestirildi,Alexander Søderlund,Vard Haugesund,Haugesund
cift yazim birlestirildi,Alexander Sørloth,Rosenborg 2,Rosenborg
cift yazim birlestirildi,Alexander Zickler,Bayern Munich (A),Bayern Munich
cift yazim birlestirildi,Alexandre da Silva Mariano,Grêmio Barueri,Grêmio
cift yazim birlestirildi,Alexandre da Silva Mariano,Grêmio Catanduvense,Grêmio
cift yazim birlestirildi,Alexandre Morfaw,Vancouver Whitecaps FC U-23,Vancouver Whitecaps
cift yazim birlestirildi,Alexandru Băluță,Los Angeles FC 2,Los Angeles
cift yazim birlestirildi,Alexandru Epureanu,Moscow,Dynamo Moscow
cift yazim birlestirildi,Alexei Goncearov,Tiraspol,Sheriff Tiraspol
cift yazim birlestirildi,Alf Bishop,Cradley Heath St Luke's,Cradley Heath
cift yazim birlestirildi,Alf Hanson,South Liverpool,Liverpool
cift yazim birlestirildi,Alf Hitch,Walsall Unity,Walsall
cift yazim birlestirildi,Alf Hitch,Walsall Wood Athletic,Walsall
cift yazim birlestirildi,Alf Jones,Walsall Swifts,Walsall Town Swifts
cift yazim birlestirildi,Alf Jones,Walsall Town,Walsall Town Swifts
cift yazim birlestirildi,Alf Milward,Southampton Cambridge,Southampton
cift yazim birlestirildi,Alf-Inge Haaland,Bryne/Rosseland,Bryne
cift yazim birlestirildi,Alf-Inge Haaland,Bryne 3,Bryne
cift yazim birlestirildi,Alfonso Albéniz,Stadium de Madrid,Madrid
cift yazim birlestirildi,Alfonso Subero,Logroñés Promesas,Logroñés
cift yazim birlestirildi,Alfred Keeling,Bradford Park Avenue (war guest),Bradford Park Avenue
cift yazim birlestirildi,Alfred Keeling,Manchester City (war guest),Manchester City
cift yazim birlestirildi,Ali Bamba,Bourges Foot,Bourges Foot 18
cift yazim birlestirildi,Ali Fadal,Colorado Rapids 2,Colorado Rapids
cift yazim birlestirildi,Ali Karakaya,1922 Konyaspor,Konyaspor
cift yazim birlestirildi,Ali Sowe,Rizespor,Çaykur Rizespor
cift yazim birlestirildi,Alican Karadağ,Kastamonuspor,Kastamonuspor 1966
cift yazim birlestirildi,Alioune Touré,Paris,Paris Saint-Germain
cift yazim birlestirildi,Aljoša Asanović,Split,Hajduk Split
cift yazim birlestirildi,Allen McKnight,Collier Row & Romford,Collier Row
cift yazim birlestirildi,Alliou Dembélé,Gazélec Ajaccio,Ajaccio
cift yazim birlestirildi,Allyson,Bahia de Feira,Bahia
cift yazim birlestirildi,Aloísio Chulapa,Gama,Vasco da Gama
cift yazim birlestirildi,Alper Balaban,Fenerbahçe U-23,Fenerbahçe
cift yazim birlestirildi,Altay Bayındır,Celta Vigo,Celta
cift yazim birlestirildi,Álvaro Ampuero,Universitario de Deportes,Universitario
cift yazim birlestirildi,Álvaro Fidalgo,Real Betis,Betis
cift yazim birlestirildi,Álvaro Núñez,Celta Vigo,Celta
cift yazim birlestirildi,Álvaro Peña,Bilbao Athletic,Athletic Bilbao
cift yazim birlestirildi,Álvaro Pereira,Estudiantes Mérida,Estudiantes
cift yazim birlestirildi,Álvaro Valles,Real Betis,Betis
cift yazim birlestirildi,Alyaksandr Halowchyk,Dinamo-2 Brest,Dinamo Brest
cift yazim birlestirildi,Alyaksandr Hutar,Minsk,Dinamo Minsk
cift yazim birlestirildi,Alyaksey Ivanow,Luch Minsk,Minsk
cift yazim birlestirildi,Alyaksey Ivanow,Minsk,Dinamo Minsk
cift yazim birlestirildi,Alyaksey Krawchanka,DSK Gomel,Gomel
cift yazim birlestirildi,Alyaksey Krawchanka,Lokomotiv Gomel,Gomel
cift yazim birlestirildi,Alyaksey Krawchanka,Bumprom Gomel,Gomel
cift yazim birlestirildi,Alyaksey Pankavets,Ataka-407 Minsk,Ataka Minsk
cift yazim birlestirildi,Alyaksey Pankavets,Ataka Minsk,Minsk
cift yazim birlestirildi,Alyaksey Pankavets,Smena-BATE Minsk,Minsk
cift yazim birlestirildi,Alyaksey Pankavets,Torpedo-MAZ Minsk,Minsk
cift yazim birlestirildi,Alyaksey Pankavets,Minsk,Dinamo Minsk
cift yazim birlestirildi,Alyaksey Tarabanaw,Dinamo-Belcard Grodno,Belcard Grodno
cift yazim birlestirildi,Amaral,Grêmio Barueri,Grêmio
cift yazim birlestirildi,Amaral,Grêmio Catanduvense,Grêmio
cift yazim birlestirildi,Amine Dinar,Paris,Paris Saint-Germain
cift yazim birlestirildi,Amir Karić,Železničar Maribor,Maribor
cift yazim birlestirildi,Amir Natkho,Krasnodar-2,Krasnodar
cift yazim birlestirildi,Amos Cardarelli,Tevere Roma,Roma
cift yazim birlestirildi,Anass Salah-Eddine,AS Roma,Roma
cift yazim birlestirildi,Anatolii Tymoshchuk,Shakhtar-2 Donetsk,Shakhtar Donetsk
cift yazim birlestirildi,Anatoliy Tymoshchuk,Shakhtar-2 Donetsk,Shakhtar Donetsk
cift yazim birlestirildi,Ander Garitano,Bilbao Athletic,Athletic Bilbao
cift yazim birlestirildi,Ander Iturraspe,Bilbao Athletic,Athletic Bilbao
cift yazim birlestirildi,Ander Murillo,Bilbao Athletic,Athletic Bilbao
cift yazim birlestirildi,Anders Trondsen,Stabæk 2,Stabæk
cift yazim birlestirildi,Andoni Cedrún,Bilbao Athletic,Athletic Bilbao
cift yazim birlestirildi,Andoni Goikoetxea,Bilbao Athletic,Athletic Bilbao
cift yazim birlestirildi,Andoni Iraola,Bilbao Athletic,Athletic Bilbao
cift yazim birlestirildi,Andoni Lakabeg,Bilbao Athletic,Athletic Bilbao
cift yazim birlestirildi,Andoni López,Bilbao Athletic,Athletic Bilbao
cift yazim birlestirildi,Andoni Zubizarreta,Bilbao Athletic,Athletic Bilbao
cift yazim birlestirildi,André Burkhard,ASPV Strasbourg,Strasbourg
cift yazim birlestirildi,André Gascard,Stade Helvétique de Marseille,Marseille
cift yazim birlestirildi,Andrea Cupi,Cisco Roma,Roma
cift yazim birlestirildi,Andrea Fattizzo,Tricase Calcio,Calcio
cift yazim birlestirildi,Andréa Le Borgne,Hellas Verona,Verona
cift yazim birlestirildi,Andrea Lombardo,Portugal FC/SC Toronto,Toronto FC
cift yazim birlestirildi,Andrea Peana,Fc Alghero,Alghero
cift yazim birlestirildi,Andrea Saraniti,Città di Messina,Messina
cift yazim birlestirildi,Andreas Skov Olsen,Başakşehir,İstanbul Başakşehir
cift yazim birlestirildi,Andreas Thom,Hertha BSC Amateure,Hertha BSC
cift yazim birlestirildi,Andreas Zimmermann,Hertha BSC (A),Hertha BSC
cift yazim birlestirildi,Andree Wiedener,Werder Bremen (A),Werder Bremen
cift yazim birlestirildi,Andrejs Štolcers,Shakhtar-2 Donetsk,Shakhtar Donetsk
cift yazim birlestirildi,Andrew McNeil,Livingston (trialist),Livingston
cift yazim birlestirildi,Andrew Mitchell,Carrick Rangers,Rangers
cift yazim birlestirildi,Andrew Parkinson,Montreal Manic (indoor),Montreal Manic
cift yazim birlestirildi,Andrew Parkinson,New York Cosmos (indoor),New York Cosmos
cift yazim birlestirildi,Andrey Astrowski,Moscow,Dynamo Moscow
cift yazim birlestirildi,Andrey Klimovich,Zvezda-BGU Minsk,Minsk
cift yazim birlestirildi,Andrey Klimovich,Minsk,Dinamo Minsk
cift yazim birlestirildi,Andrey Razin,Minsk,Dinamo Minsk
cift yazim birlestirildi,Andrey Sherakow,Darida Minsk Raion,Minsk
cift yazim birlestirildi,Andrey Sherakow,Zvezda-BGU Minsk,Minsk
cift yazim birlestirildi,Andrey Sherakow,Mikashevichi,Granit Mikashevichi
cift yazim birlestirildi,Andrey Sherakow,Luch Minsk,Minsk
cift yazim birlestirildi,Andrey Solovey,Lokomotiv Gomel,Gomel
cift yazim birlestirildi,Andriy Polunin,Dnipro-2 Dnipropetrovsk,Dnipro Dnipropetrovsk
cift yazim birlestirildi,Andriy Shevchenko,Dynamo-2 Kyiv,Dynamo Kyiv
cift yazim birlestirildi,Andriy Yarmolenko,Dynamo-2 Kyiv,Dynamo Kyiv
cift yazim birlestirildi,Andy Gardner,Kilbarchan Victoria,Kilbarchan
cift yazim birlestirildi,Andy McBride,California Surf (indoor),California Surf
cift yazim birlestirildi,Andy Polo,Portland Timbers 2,Portland Timbers
cift yazim birlestirildi,Andy Thompson,Sunderland West End,Sunderland
cift yazim birlestirildi,Anfilogino Guarisi,Portuguesa Santista,Portuguesa
cift yazim birlestirildi,Ángel Ortiz,Real Betis,Betis
cift yazim birlestirildi,Angelo Antonazzo,Hellas Taranto,Taranto
cift yazim birlestirildi,Angelo Caimo,Sparta Novara,Novara
cift yazim birlestirildi,Angelo Paolanti,Banco di Roma,Roma
cift yazim birlestirildi,Anıl Dilaver,Galatasaray A2,Galatasaray
cift yazim birlestirildi,Anıl Taşdemir,52 Orduspor,Orduspor
cift yazim birlestirildi,Anthony Colinet,US Fécamp,Fécamp
cift yazim birlestirildi,Anthony Lippini,Gazélec Ajaccio,Ajaccio
cift yazim birlestirildi,Anthony Rogie,Quevilly-Rouen,Rouen
cift yazim birlestirildi,Anthony Weber,Reims Sainte-Anne,Reims
cift yazim birlestirildi,Antoine Raab,Saint-Pierre de Nantes,Nantes
cift yazim birlestirildi,Anton Shramchenko,Dnepr-2 Mogilev,Dnepr Mogilev
cift yazim birlestirildi,Anton Shramchenko,Minsk,Dinamo Minsk
cift yazim birlestirildi,Antonio Arena,AS Roma,Roma
cift yazim birlestirildi,Antonio Balzano,Cisco/Atletico Roma,Cisco Roma
cift yazim birlestirildi,Antonio Cinelli,Vicenza Virtus,Vicenza
cift yazim birlestirildi,Antonio de Miguel,Racing de Madrid,Madrid
cift yazim birlestirildi,Antonio de Miguel,Madrid,Real Madrid
cift yazim birlestirildi,Antonio Di Salvo,Bayern Munich (A),Bayern Munich
cift yazim birlestirildi,Antonio Fusco,Avia Roma,Roma
cift yazim birlestirildi,Antonio Mazzotta,Athletic Club Palermo,Palermo
cift yazim birlestirildi,Antonio Montella,Aprilia Racing,Aprilia
cift yazim birlestirildi,Antonio Neyra,Club Español de Madrid,Madrid
cift yazim birlestirildi,Antonio Pangallo,SSV Ulm 1846,SSV Ulm
cift yazim birlestirildi,Antonio Pedroza,Cruz Azul Hidalgo,Cruz Azul
cift yazim birlestirildi,Antonio Tempestilli,Banco di Roma,Roma
cift yazim birlestirildi,Antony,Real Betis,Betis
cift yazim birlestirildi,Arbnor Muja,Trepça,Trepça '89
cift yazim birlestirildi,Archie Hubbard,Leicester,Leicester Imperial
cift yazim birlestirildi,Archie McPherson,Alva Albion Rangers,Rangers
cift yazim birlestirildi,Archie Mitchell,Brentford (guest),Brentford
cift yazim birlestirildi,Archie Wilson,Tottenham Hotspur (guest),Tottenham Hotspur
cift yazim birlestirildi,Archimede Nardi,Littorio Roma,Roma
cift yazim birlestirildi,Archimede Nardi,Avia Roma,Roma
cift yazim birlestirildi,Arie van Lent,Werder Bremen (A),Werder Bremen
cift yazim birlestirildi,Arístides Rojas,Guaraní-AF,Guaraní
cift yazim birlestirildi,Aritz Aduriz,Bilbao Athletic,Athletic Bilbao
cift yazim birlestirildi,Aritz Solabarrieta,Bilbao Athletic,Athletic Bilbao
cift yazim birlestirildi,Arkadiusz Piech,Polonia/Sparta Świdnica,Polonia Świdnica
cift yazim birlestirildi,Armando Bianchi,Paris,Paris Saint-Germain
cift yazim birlestirildi,Armando Giralt,Club Español de Madrid,Madrid
cift yazim birlestirildi,Armando Visconti,UC Bisceglie,Bisceglie
cift yazim birlestirildi,Arno Steffenhagen,Chicago Sting (indoor),Chicago Sting
cift yazim birlestirildi,Arnold Knight,Leeds United (war guest),Leeds United
cift yazim birlestirildi,Arsen Zakharyan,Dynamo-2 Moscow,Dynamo Moscow
cift yazim birlestirildi,Arseniy Batahov,Dnipro,Dnipro-1
cift yazim birlestirildi,Arseniy Kontsedaylov,Energetik-BGU Minsk,Minsk
cift yazim birlestirildi,Artem Dovbyk,Cherkaskyi Dnipro,Dnipro
cift yazim birlestirildi,Artem Dovbyk,Dnipro,Dnipro-1
cift yazim birlestirildi,Artem Kravets,Dynamo-3 Kyiv,Dynamo Kyiv
cift yazim birlestirildi,Artem Kravets,Dynamo-2 Kyiv,Dynamo Kyiv
cift yazim birlestirildi,Artem Milevskyi,Dynamo-2 Kyiv,Dynamo Kyiv
cift yazim birlestirildi,Artem Milevskyi,Dynamo-3 Kyiv,Dynamo Kyiv
cift yazim birlestirildi,Arthur Attwood,Walsall LMS,Walsall
cift yazim birlestirildi,Arthur Attwood,Hove,Brighton & Hove Albion
cift yazim birlestirildi,Arthur Buttery,Wolverhampton Wanderers (war guest),Wolverhampton Wanderers
cift yazim birlestirildi,Arthur Griffin,Walsall Town Swifts,Walsall
cift yazim birlestirildi,Arthur Hadley,Reading Abbey,Reading
cift yazim birlestirildi,Arthur Hurdman,Sunderland Black Watch,Sunderland
cift yazim birlestirildi,Arthur Hurdman,Sunderland Rovers,Sunderland
cift yazim birlestirildi,Arthur Millar,Millwall Athletic,Millwall
cift yazim birlestirildi,Arthur Milne,Dundee United (wartime),Dundee United
cift yazim birlestirildi,Arthur Shaw,Hounslow Town (guest),Hounslow Town
cift yazim birlestirildi,Artsyom Rakhmanaw,Minsk-2,Minsk
cift yazim birlestirildi,Artsyom Rakhmanaw,Isloch Minsk Raion,Minsk
cift yazim birlestirildi,Arturo Chini Ludueña,Alba Roma,Roma
cift yazim birlestirildi,Artyom Bykov,Zvezda-BGU Minsk,Minsk
cift yazim birlestirildi,Artyom Bykov,Minsk,Dinamo Minsk
cift yazim birlestirildi,Artyom Karatay,Dinamo-2 Minsk,Dinamo Minsk
cift yazim birlestirildi,Artyom Yuran,Zorky Krasnogorsk,Zorky Krasnogorsk (amateur)
cift yazim birlestirildi,Arvydas Novikovas,FC Vilnius-2,FC Vilnius
cift yazim birlestirildi,Aryn Williams,Perth Glory NPL,Perth Glory
cift yazim birlestirildi,Ashley-Paul Robinson,Horsham YMCA,Horsham
cift yazim birlestirildi,Ashley-Paul Robinson,AFC Whyteleafe,Whyteleafe
cift yazim birlestirildi,Asier del Horno,Bilbao Athletic,Athletic Bilbao
cift yazim birlestirildi,Asier Hierro,Bilbao Athletic,Athletic Bilbao
cift yazim birlestirildi,Asier Villalibre,Bilbao Athletic,Athletic Bilbao
cift yazim birlestirildi,Attila Mocsi,Rizespor,Çaykur Rizespor
cift yazim birlestirildi,Attilio Ferraris,Fortitudo Roma,Roma
cift yazim birlestirildi,Attilio Ferraris,Elettronica Roma,Roma
cift yazim birlestirildi,Attilio Galassini,Toronto Roma,Roma
cift yazim birlestirildi,Attilio Mattei,Alba Roma,Roma
cift yazim birlestirildi,Aurélien Montaroup,US Créteil,Créteil
cift yazim birlestirildi,Ayila Yussuf,Dynamo-2 Kyiv,Dynamo Kyiv
cift yazim birlestirildi,Ayumu Seko,Cerezo Osaka U-23,Cerezo Osaka
cift yazim birlestirildi,Aziel Jackson,Minnesota United 2,Minnesota United
cift yazim birlestirildi,Aziel Jackson,Columbus Crew 2,Columbus Crew
cift yazim birlestirildi,Babù,Cisco Roma,Roma
cift yazim birlestirildi,Baiano,Anápolis,Grêmio Anápolis
cift yazim birlestirildi,Barney Travers,Sunderland Co-operative Wednesday,Sunderland
cift yazim birlestirildi,Barney Travers,Sunderland West End,Sunderland
cift yazim birlestirildi,Barry Stobart,Durban Spurs United,Durban Spurs
cift yazim birlestirildi,Bartłomiej Pawłowski,Jagiellonia Białystok (ME),Jagiellonia Białystok
cift yazim birlestirildi,Beg Ferati,FC Basel U-21,FC Basel
cift yazim birlestirildi,Beg Ferati,FC Concordia Basel,FC Basel
cift yazim birlestirildi,Bekim Kuli,Gençlerbirliği A2,Gençlerbirliği
cift yazim birlestirildi,Bekim Kuli,Samsunspor A2,Samsunspor
cift yazim birlestirildi,Ben Hockenhull,Nantwich Town (dual-reg),Nantwich Town
cift yazim birlestirildi,Ben Marshall,City of Stoke FC,Stoke City
cift yazim birlestirildi,Beñat Etxebarria,Bilbao Athletic,Athletic Bilbao
cift yazim birlestirildi,Beñat Prados,Bilbao Athletic,Athletic Bilbao
cift yazim birlestirildi,Benê,EC Corinthians,Corinthians
cift yazim birlestirildi,Benoît Thans,R. Tilleur F.C. de Liège,R.F.C. de Liège
cift yazim birlestirildi,Berat Tosun,Hacettepe 1945 SK,Hacettepe
cift yazim birlestirildi,Berkant Göktan,Bayern Munich (A),Bayern Munich
cift yazim birlestirildi,Berkay Özcan,Başakşehir,İstanbul Başakşehir
cift yazim birlestirildi,Bernard Caron,Paris,Paris Saint-Germain
cift yazim birlestirildi,Bernard Dumot,Paris,Paris Saint-Germain
cift yazim birlestirildi,Bernard Guignedoux,RC Paris,Paris
cift yazim birlestirildi,Bernard Guignedoux,Paris,Paris Saint-Germain
cift yazim birlestirildi,Bernard Moraly,Paris,Paris Saint-Germain
cift yazim birlestirildi,Bernard Moraly,Norcap Grenoble,Grenoble
cift yazim birlestirildi,Bernie Fagan,Portland Timbers (indoor),Portland Timbers
cift yazim birlestirildi,Bernt Haas,St. Gallen U-21,St. Gallen
cift yazim birlestirildi,Bert Dainty,Dundee Hibernian,Dundee
cift yazim birlestirildi,Bert Dyer,Southampton Cambridge,Southampton
cift yazim birlestirildi,Bert Jepson,Hove,Brighton & Hove Albion
cift yazim birlestirildi,Bert McIntosh,Dundee Fairfield,Dundee
cift yazim birlestirildi,Bert Powell,Grantham Avenue,Grantham
cift yazim birlestirildi,Bert Spreadbury,Woolwich,Royal Ordnance Woolwich
cift yazim birlestirildi,Bertie Brayley,East Thurrock United,Thurrock
cift yazim birlestirildi,Bertuğ Yıldırım,Başakşehir,İstanbul Başakşehir
cift yazim birlestirildi,Biagio Pagano,Ghivizzano,Ghivizzano Borgoamozzano
cift yazim birlestirildi,Biel Ribas,UCAM Murcia,Murcia
cift yazim birlestirildi,Bill Barraclough,Hull City (guest),Hull City
cift yazim birlestirildi,Bill Cassidy,Brora Rangers,Rangers
cift yazim birlestirildi,Bill Clarke,Kettering St Mary's,Kettering
cift yazim birlestirildi,Bill Gorman,Bury (guest),Bury
cift yazim birlestirildi,Bill Julian,Boston Excelsior,Boston
cift yazim birlestirildi,Bill Keech,Irthlingborough Revellers,Irthlingborough
cift yazim birlestirildi,Bill Keech,Irthlingborough Wanderers,Irthlingborough
cift yazim birlestirildi,Bill Keech,Kettering Hawks,Kettering
cift yazim birlestirildi,Bill Kirtley,Sunderland Albion,Sunderland
cift yazim birlestirildi,Bill Miller,Hove,Brighton & Hove Albion
cift yazim birlestirildi,Bill Montgomery,Kilwinning Rangers,Rangers
cift yazim birlestirildi,Bill Tuiloma,Portland Timbers 2,Portland Timbers
cift yazim birlestirildi,Bill Worrall,Sunderland West End Wednesday,Sunderland
cift yazim birlestirildi,Billy Barnes,Thames Ironworks (guest),Thames Ironworks
cift yazim birlestirildi,Billy Brawn,Brentford (guest),Brentford
cift yazim birlestirildi,Billy Bridgewater,Hexthorpe Wanderers (guest),Hexthorpe Wanderers
cift yazim birlestirildi,Billy Clarkson,Southport Central (guest),Southport
cift yazim birlestirildi,Billy Clayson,Scarborough Junior Imperial,Scarborough
cift yazim birlestirildi,Billy Dinsdale,Darlington RA,Darlington
cift yazim birlestirildi,Billy Dodds,Dundee United,Dundee
cift yazim birlestirildi,Billy Edwards,Brentford (guest),Brentford
cift yazim birlestirildi,Billy Edwards,Watford (guest),Watford
cift yazim birlestirildi,Billy Edwards,Fulham (guest),Fulham
cift yazim birlestirildi,Billy Ellis,Willenhall Swifts,Willenhall
cift yazim birlestirildi,Billy Gilbert,Waterlooville,Havant & Waterlooville
cift yazim birlestirildi,Billy McDonald,Shirebrook Moors Athletic,Shirebrook
cift yazim birlestirildi,Billy Troughear,Workington Marsh Mission,Workington
cift yazim birlestirildi,Billy Watson,Southport Central (guest),Southport Central
cift yazim birlestirildi,Björn Dreyer,SC Freiburg (A),SC Freiburg
cift yazim birlestirildi,Bob Allen,Northampton Town (guest),Northampton Town
cift yazim birlestirildi,Bob Crumley,Dundee Victoria,Dundee
cift yazim birlestirildi,Bob Jardine,Notts County Rovers,Notts County
cift yazim birlestirildi,Bob McEwan,Rangers,Queens Park Rangers
cift yazim birlestirildi,Bob Petrie,Dundee Wanderers,Dundee
cift yazim birlestirildi,Bob Redfern,Bournemouth & Boscombe Athletic,Bournemouth
cift yazim birlestirildi,Bob Suart,Stockport County (guest),Stockport County
cift yazim birlestirildi,Bobby Arber,Atlanta Chiefs (indoor),Atlanta Chiefs
cift yazim birlestirildi,Bobby Farrell,Dundee North End,Dundee
cift yazim birlestirildi,Bobby Simpson,Westburn (Aberdeen),Aberdeen
cift yazim birlestirildi,Bobby Templeton,Kilmarnock Rugby XI,Kilmarnock
cift yazim birlestirildi,Bohdan Butko,Shakhtar-3 Donetsk,Shakhtar Donetsk
cift yazim birlestirildi,Bojan Neziri,Shakhtar-2 Donetsk,Shakhtar Donetsk
cift yazim birlestirildi,Bolo,Bilbao Athletic,Athletic Bilbao
cift yazim birlestirildi,Borja Ekiza,Bilbao Athletic,Athletic Bilbao
cift yazim birlestirildi,Borja Iglesias,Celta Vigo,Celta
cift yazim birlestirildi,Borna Barišić,NK Osijek,Osijek
cift yazim birlestirildi,Borys Tashchy,Chornomorets-2 Odesa,Chornomorets Odesa
cift yazim birlestirildi,Brad Smith,Houston Dynamo 2,Houston Dynamo
cift yazim birlestirildi,Brahima Doukansy,Aubagne Air Bel,Aubagne
cift yazim birlestirildi,Brandão,Shakhtar-2 Donetsk,Shakhtar Donetsk
cift yazim birlestirildi,Brandon Borrello,Brisbane Roar NPL,Brisbane Roar
cift yazim birlestirildi,Brandon Wilson,Perth Glory NPL,Perth Glory
cift yazim birlestirildi,Brandon Wilson,SJK Akatemia,SJK
cift yazim birlestirildi,Branimir Hrgota,St. Pauli,FC St. Pauli
cift yazim birlestirildi,Brett Pitman,AFC Portchester (dual-registration),AFC Portchester
cift yazim birlestirildi,Brett Pitman,Shaftesbury (dual-registration),Shaftesbury
cift yazim birlestirildi,Brian Clifton,Boston,Boston United
cift yazim birlestirildi,Brian Kidd,Fort Lauderdale Strikers (indoor),Fort Lauderdale Strikers
cift yazim birlestirildi,Brian Mundee,Bournemouth,AFC Bournemouth
cift yazim birlestirildi,Brian Quinn,San Diego Sockers (indoor),San Diego Sockers
cift yazim birlestirildi,Bruno Abbatini,AS Tevere Roma,AS Roma
cift yazim birlestirildi,Bruno Ballante,Alba Roma,Roma
cift yazim birlestirildi,Bruno Gramaglia,Doria,Andrea Doria
cift yazim birlestirildi,Bruno Herrero,Xerez Deportivo,Xerez
cift yazim birlestirildi,Bruno Marioni,Estudiantes Tecos,Estudiantes
cift yazim birlestirildi,Bruno Peres,Audax São Paulo,São Paulo
cift yazim birlestirildi,Bryan Acosta,Colorado Rapids 2,Colorado Rapids
cift yazim birlestirildi,Bryan Cristante,AS Roma,Roma
cift yazim birlestirildi,Bryan Fiabema,Rosenborg 2,Rosenborg
cift yazim birlestirildi,Bryan Ngwabije,Sporting Lyon B,Lyon B
cift yazim birlestirildi,Budu Zivzivadze,Dinamo-2 Tbilisi,Dinamo Tbilisi
cift yazim birlestirildi,Bülent Akın,Malatyaspor,Yeni Malatyaspor
cift yazim birlestirildi,Cabral,Lausanne,Lausanne-Sport
cift yazim birlestirildi,Caden Clark,Minnesota United 2,Minnesota United
cift yazim birlestirildi,Caesar Jenkyns,Small Heath St. Andrews,Small Heath
cift yazim birlestirildi,Caesar Jenkyns,Walsall Swifts,Walsall
cift yazim birlestirildi,Caleb Wiley,Atlanta United 2,Atlanta United
cift yazim birlestirildi,Callum Hart,Salisbury,Salisbury City
cift yazim birlestirildi,Callum Rowe,Ashton United (dual-registration),Ashton United
cift yazim birlestirildi,Can Aktav,1922 Konyaspor,Konyaspor
cift yazim birlestirildi,Can Bozdoğan,Rizespor,Çaykur Rizespor
cift yazim birlestirildi,Caner Koca,Fenerbahçe A2,Fenerbahçe
cift yazim birlestirildi,Carl Veart,Adelaide City Force,Adelaide City
cift yazim birlestirildi,Carlo Polli,Stallion–Laguna,Stallion
cift yazim birlestirildi,Carlo Weis,Avenir,Avenir Beggen
cift yazim birlestirildi,Carlos,Bilbao Athletic,Athletic Bilbao
cift yazim birlestirildi,Carlos Aranda,Granada 74,Granada
cift yazim birlestirildi,Carlos Diogo,River Plate (UY),River Plate
cift yazim birlestirildi,Carlos Guerini,Rosario Puerto Belgrano,Belgrano
cift yazim birlestirildi,Carlos Gurpegui,Bilbao Athletic,Athletic Bilbao
cift yazim birlestirildi,Carlos Meléndez,Bilbao Athletic,Athletic Bilbao
cift yazim birlestirildi,Carlos Vinícius,Grêmio Anápolis,Grêmio
cift yazim birlestirildi,Carmelo Buonocore,Peloro Messina,Messina
cift yazim birlestirildi,Carmelo Mancuso,Real Messina,Messina
cift yazim birlestirildi,Carsten Lakies,Bayern Munich (A),Bayern Munich
cift yazim birlestirildi,Castor Elzo,Aviación de Las Palmas,Las Palmas
cift yazim birlestirildi,Catilina Aubameyang,Gazélec Ajaccio,Ajaccio
cift yazim birlestirildi,Cecil Nyoni,Sheffield,Sheffield Wednesday
cift yazim birlestirildi,Cecil Smith,Brentford Market,Brentford
cift yazim birlestirildi,Cédric Barbosa,Alès,Olympique Alès
cift yazim birlestirildi,César Caneda,Bilbao Athletic,Athletic Bilbao
cift yazim birlestirildi,Cesare Augusto Fasanelli,Alba Roma,Roma
cift yazim birlestirildi,Cesare Francalancia,Vigili Fuoco Roma,Roma
cift yazim birlestirildi,Cesare Poli,Lanerossi Vicenza,Vicenza
cift yazim birlestirildi,Charles Ambler,Royal/Woolwich Arsenal,Woolwich Arsenal
cift yazim birlestirildi,Charles Bunyan Sr.,Chesterfield Town,Chesterfield
cift yazim birlestirildi,Charles Kaboré,Kuban Krasnodar,Krasnodar
cift yazim birlestirildi,Charles Pickel,Basel U-21,Basel
cift yazim birlestirildi,Charlie Briggs,Tottenham Hotspur (guest),Tottenham Hotspur
cift yazim birlestirildi,Charlie Briggs,Fulham (guest),Fulham
cift yazim birlestirildi,Charlie Briggs,Halifax Town (guest),Halifax Town
cift yazim birlestirildi,Charlie Buchan,Woolwich Arsenal,Arsenal
cift yazim birlestirildi,Charlie Cooke,Memphis Rogues (indoor),Memphis Rogues
cift yazim birlestirildi,Charlie Craig,Dundee Our Boys,Dundee
cift yazim birlestirildi,Charlie Craig,Dundee Wanderers,Dundee
cift yazim birlestirildi,Charlie Ditchfield,Winchester Rovers,Winchester
cift yazim birlestirildi,Charlie Ditchfield,Winchester Town,Winchester
cift yazim birlestirildi,Charlie Hafekost,Sunderland Royal Rovers,Sunderland
cift yazim birlestirildi,Charlie I'Anson,UCAM Murcia,Murcia
cift yazim birlestirildi,Charlie McGillivray,Dundee United,Dundee
cift yazim birlestirildi,Charlie Sheringham,Crystal Palace Baltimore,Crystal Palace
cift yazim birlestirildi,Charlie Sheringham,Snodland Town (dual-registration),Snodland Town
cift yazim birlestirildi,Cheick Fantamady Diarra,Paris 13 Atletico,Paris
cift yazim birlestirildi,Chikelue Iloenyosi,Al-Ittihad Club,Ittihad
cift yazim birlestirildi,Chota,Real de Melilla,Melilla
cift yazim birlestirildi,Chota,Gimnástico Melilla,Melilla
cift yazim birlestirildi,Chota,River Melilla,Melilla
cift yazim birlestirildi,Chris Charsley,Small Heath Alliance / Small Heath,Small Heath
cift yazim birlestirildi,Chris Donnell,Perth Glory NPL,Perth Glory
cift yazim birlestirildi,Chris Harrington,South Liverpool,Liverpool
cift yazim birlestirildi,Chris Hope,AFC Rushden & Diamonds,Rushden & Diamonds
cift yazim birlestirildi,Chris Joyce,Tollnes 2,Tollnes
cift yazim birlestirildi,Chris Mann,Guisborough,Mount Pleasant (Guisborough)
cift yazim birlestirildi,Chris Porter,Darlington 1883,Darlington
cift yazim birlestirildi,Chris Woods,Rangers,Queens Park Rangers
cift yazim birlestirildi,Christ Tiéhi,Tonbridge Angels (dual-reg.),Tonbridge Angels
cift yazim birlestirildi,Christian Nadé,Annan Athletic (trial),Annan Athletic
cift yazim birlestirildi,Christian Nerlinger,Bayern Munich (A),Bayern Munich
cift yazim birlestirildi,Christian Tiboni,Hellas Verona,Verona
cift yazim birlestirildi,Christof Babatz,Hamburger SV (A),Hamburger SV
cift yazim birlestirildi,Christophe Vincent,CA Bastia,Bastia
cift yazim birlestirildi,Christopher Opéri,Başakşehir,İstanbul Başakşehir
cift yazim birlestirildi,Christopher Rocchia,Aubagne Air Bel,Aubagne
cift yazim birlestirildi,Christopher Scott,Young Reds Antwerp,Antwerp
cift yazim birlestirildi,Chus Alonso,Real Club Deportivo Oviedo,Real Oviedo
cift yazim birlestirildi,Cicinho,Botafogo-SP,Botafogo
cift yazim birlestirildi,Claudio Ferrarese,Hellas Verona,Verona
cift yazim birlestirildi,Claudio Ferrarese,Virtus Verona,Verona
cift yazim birlestirildi,Cliff Akurang,Canvey Island (dual registration),Canvey Island
cift yazim birlestirildi,Clint Hill,Rangers,Queens Park Rangers
cift yazim birlestirildi,Clive Charles,Portland Timbers (indoor),Portland Timbers
cift yazim birlestirildi,Clive Griffiths,Tulsa Roughnecks (indoor),Tulsa Roughnecks
cift yazim birlestirildi,Clyde Best,Tampa Bay Rowdies (indoor),Tampa Bay Rowdies
cift yazim birlestirildi,Clyde Best,Portland Timbers (indoor),Portland Timbers
cift yazim birlestirildi,Clyde Best,Toronto Blizzard (indoor),Toronto Blizzard
cift yazim birlestirildi,Colin Stewart,Stranraer (trialist),Stranraer
cift yazim birlestirildi,Collins Tanor,FC Stratford,FC Stratford (dual reg.)
cift yazim birlestirildi,Connor Metcalfe,Melbourne City NPL,Melbourne City
cift yazim birlestirildi,Connor Stanley,United of Manchester,Manchester United
cift yazim birlestirildi,Conor Okus,Redbridge,Dagenham & Redbridge
cift yazim birlestirildi,Craig Dobson,Barnet (dual registration),Barnet
cift yazim birlestirildi,Craig Lindfield,Chester City,Chester
cift yazim birlestirildi,Cristian Bertani,Pro Novara,Novara
cift yazim birlestirildi,Cristian Castells,Independiente Alicante,Alicante
cift yazim birlestirildi,Cristian Cauz,Pro Piacenza,Piacenza
cift yazim birlestirildi,Cristian Guanca,Chacarita,Chacarita Juniors
cift yazim birlestirildi,Cristian Ranalli,Cisco Roma,Roma
cift yazim birlestirildi,Cristiano Del Grosso,Real Giulianova,Giulianova
cift yazim birlestirildi,Cumhur Yılmaztürk,Galatasaray A2,Galatasaray
cift yazim birlestirildi,Curtis Obeng,Macclesfield,Macclesfield Town
cift yazim birlestirildi,Cyril Smith,Aberdare,Aberdare Thursday
cift yazim birlestirildi,Çetin Güngör,Galatasaray A2,Galatasaray
cift yazim birlestirildi,Dal Varešanović,Rizespor,Çaykur Rizespor
cift yazim birlestirildi,Damian Spencer,Windsor,Windsor & Eton
cift yazim birlestirildi,Damir Ibrić,Darıca Gençlerbirliği,Gençlerbirliği
cift yazim birlestirildi,Dani Aquino,UCAM Murcia,Murcia
cift yazim birlestirildi,Dani Bautista,Ciudad Murcia,Murcia
cift yazim birlestirildi,Dani Ceballos,Real Betis,Betis
cift yazim birlestirildi,Daniel Arzani,Melbourne City NPL,Melbourne City
cift yazim birlestirildi,Daniel Astrain,Bilbao Athletic,Athletic Bilbao
cift yazim birlestirildi,Daniel Guicci,Paris,Paris Saint-Germain
cift yazim birlestirildi,Daniel Horlaville,Paris,Paris Saint-Germain
cift yazim birlestirildi,Daniel Solas,Paris,Paris Saint-Germain
cift yazim birlestirildi,Daniel Vivian,Bilbao Athletic,Athletic Bilbao
cift yazim birlestirildi,Daniele Fiorentino,San Paolo Bari,Bari
cift yazim birlestirildi,Daniele Fioretti,Ghivizzano Borgo a Mozzano,Borgo
cift yazim birlestirildi,Daniele Ghilardi,AS Roma,Roma
cift yazim birlestirildi,Daniele Gragnoli,SSD Atletico Ascoli,Ascoli
cift yazim birlestirildi,Daniele Portanova,Robur Siena,Siena
cift yazim birlestirildi,Dankler,Vitória Setúbal,Vitória
cift yazim birlestirildi,Danny Allen-Page,Yeading,Hayes & Yeading United
cift yazim birlestirildi,Danny Whitaker,Macclesfield,Macclesfield Town
cift yazim birlestirildi,Danny Whitehead,Macclesfield,Macclesfield Town
cift yazim birlestirildi,Dante Di Benedetti,Avia Roma,Roma
cift yazim birlestirildi,Dante López,Olimpia Asunción,Olimpia
cift yazim birlestirildi,Darío Arana,Athletic de Madrid,Madrid
cift yazim birlestirildi,Dariusz Adamczuk,Pogoń Szczecin Nowa,Pogoń Szczecin
cift yazim birlestirildi,Darren Caskey,Ilkeston,Ilkeston Town
cift yazim birlestirildi,Darren Powell,Hampton,Hampton & Richmond Borough
cift yazim birlestirildi,Daryl Murphy,Waterford United,Waterford
cift yazim birlestirildi,Dastan Satpayev,Kairat-Zhastar,Kairat
cift yazim birlestirildi,David Ankeye,Hammarby,Hammarby TFF
cift yazim birlestirildi,David Balleri,Pro Livorno,Livorno
cift yazim birlestirildi,David Connolly,AFC Wimbledon,Wimbledon
cift yazim birlestirildi,David Corbett,Dundee United (wartime),Dundee United
cift yazim birlestirildi,David Cuéllar,Bilbao Athletic,Athletic Bilbao
cift yazim birlestirildi,David de Paula,Bilbao Athletic,Athletic Bilbao
cift yazim birlestirildi,David Dowson,Darlington 1883,Darlington
cift yazim birlestirildi,David Duke,Sunderland RCA,Sunderland
cift yazim birlestirildi,David Hamer,Southampton St. Mary's,Southampton
cift yazim birlestirildi,David Hannah,Renton Thistle,Renton
cift yazim birlestirildi,David Irving,Fort Lauderdale Strikers (indoor),Fort Lauderdale Strikers
cift yazim birlestirildi,David Karanka,Bilbao Athletic,Athletic Bilbao
cift yazim birlestirildi,David Loriya,Zhenis Astana,Astana
cift yazim birlestirildi,David Loriya,Lokomotiv Astana,Astana
cift yazim birlestirildi,David McCreery,Tulsa Roughnecks (indoor),Tulsa Roughnecks
cift yazim birlestirildi,David Nish,Seattle Sounders (indoor),Seattle Sounders
cift yazim birlestirildi,David Oberhauser,Gazélec Ajaccio,Ajaccio
cift yazim birlestirildi,David Papys M'Bodji,AS Cannes,Cannes
cift yazim birlestirildi,David Speedie,Darlington Railway Athletic,Darlington
cift yazim birlestirildi,David Stride,Memphis Rogues (indoor),Memphis Rogues
cift yazim birlestirildi,David Taylor,Rangers (guest),Rangers
cift yazim birlestirildi,David Vidal,Jerez,Jerez Industrial
cift yazim birlestirildi,Davide Bottone,Varese (co-ownership),Varese
cift yazim birlestirildi,Davide Mandorlini,Real Rimini,Rimini
cift yazim birlestirildi,Davide Marchini,Cagliari <small>(co-ownership)</small>,Cagliari
cift yazim birlestirildi,Davide Matteini,San Paolo Padova,Padova
cift yazim birlestirildi,Davie Selke,Başakşehir,İstanbul Başakşehir
cift yazim birlestirildi,Davie Walker,Walsall White Star,Walsall
cift yazim birlestirildi,Davron Askarov,Dordoi,Dordoi-Dynamo Naryn
cift yazim birlestirildi,Dean Bouzanis,Western Sydney Wanderers,Sydney
cift yazim birlestirildi,DeAndre Yedlin,Seattle Sounders FC U-23,Seattle Sounders
cift yazim birlestirildi,Dejan Kelhar,Olimpija,Olimpija Ljubljana
cift yazim birlestirildi,Denis Dechko,Partizan Minsk,Minsk
cift yazim birlestirildi,Denis Dechko,Minsk-2,Minsk
cift yazim birlestirildi,Denis Genreau,Melbourne City NPL,Melbourne City
cift yazim birlestirildi,Denis Godeas,Triestina Victory,Triestina
cift yazim birlestirildi,Denis Sadovsky,Bumprom Gomel,Gomel
cift yazim birlestirildi,Deniz Dilmen,Başakşehir,İstanbul Başakşehir
cift yazim birlestirildi,Deniz Mendi,FC Olten,FC Wangen bei Olten
cift yazim birlestirildi,Dennis Esposito,Monza (co-ownership),Monza
cift yazim birlestirildi,Dennis Malura,1. FC Solingen,1. FC Union Solingen
cift yazim birlestirildi,Denny Mundee,Salisbury,Salisbury City
cift yazim birlestirildi,Denys Boyko,Dynamo-2 Kyiv,Dynamo Kyiv
cift yazim birlestirildi,Denys Boyko,Dynamo-3 Kyiv,Dynamo Kyiv
cift yazim birlestirildi,Denys Harmash,Dynamo-3 Kyiv,Dynamo Kyiv
cift yazim birlestirildi,Denys Harmash,Dynamo-2 Kyiv,Dynamo Kyiv
cift yazim birlestirildi,Derek Bryan,Hampton,Hampton & Richmond Borough
cift yazim birlestirildi,Derek Smethurst,Tampa Bay Rowdies (indoor),Tampa Bay Rowdies
cift yazim birlestirildi,Derek Smethurst,Seattle Sounders (indoor),Seattle Sounders
cift yazim birlestirildi,Devis Vásquez,AS Roma,Roma
cift yazim birlestirildi,Devyne Rensch,AS Roma,Roma
cift yazim birlestirildi,Diadié Diarra,AC Amiens,Amiens
cift yazim birlestirildi,Dick Graham,Crystal Palace (guest),Crystal Palace
cift yazim birlestirildi,Dickie Joynes,Newark Avenue,Newark
cift yazim birlestirildi,Didier Desprez,Paris 13 Atletico,Paris
cift yazim birlestirildi,Didier Six,ASPV Strasbourg,Strasbourg
cift yazim birlestirildi,Diego Conde,Real Betis,Betis
cift yazim birlestirildi,Diego Gavilán,Independiente FBC,Independiente
cift yazim birlestirildi,Diego Llorente,Real Betis,Betis
cift yazim birlestirildi,Dieter Ferner,Chicago Sting (indoor),Chicago Sting
cift yazim birlestirildi,Dietmar Hamann,Bayern Munich (A),Bayern Munich
cift yazim birlestirildi,Dimitar Mitov,St. Pauli,FC St. Pauli
cift yazim birlestirildi,Dino Fava,US Sessana,Sessana
cift yazim birlestirildi,Diogo Figueiras,Inter Sevilla,Sevilla
cift yazim birlestirildi,Dirk Flock,FC Gütersloh 2000,FC Gütersloh
cift yazim birlestirildi,Djaïd Kasri,La Louvière Centre,La Louvière
cift yazim birlestirildi,Djibril Cissé,Panathinaikos Chicago,Panathinaikos
cift yazim birlestirildi,Dmitri Khokhlov,CSKA-d Moscow,CSKA Moscow
cift yazim birlestirildi,Dmitry Aliseyko,Minsk,Dinamo Minsk
cift yazim birlestirildi,Dmitry Lisakovich,Krumkachy Minsk,Minsk
cift yazim birlestirildi,Dmitry Lisakovich,Torpedo Minsk,Minsk
cift yazim birlestirildi,Dmitry Lisakovich,Stalitsa Minsk (futsal),Minsk
cift yazim birlestirildi,Dmitry Lisakovich,Isloch Minsk Raion,Minsk
cift yazim birlestirildi,Dmytro Chyhrynskyi,Shakhtar-2 Donetsk,Shakhtar Donetsk
cift yazim birlestirildi,Dmytro Chyhrynskyi,Shakhtar-3 Donetsk,Shakhtar Donetsk
cift yazim birlestirildi,Dmytro Korkishko,Dynamo-3 Kyiv,Dynamo Kyiv
cift yazim birlestirildi,Dmytro Korkishko,Dynamo-2 Kyiv,Dynamo Kyiv
cift yazim birlestirildi,Doğan Gölpek,1922 Konyaspor,Konyaspor
cift yazim birlestirildi,Doğanay Kılıç,Bursaspor A2,Bursaspor
cift yazim birlestirildi,Dominic Ball,Rangers,Queens Park Rangers
cift yazim birlestirildi,Dominic Green,East Thurrock,Thurrock
cift yazim birlestirildi,Dominic Iorfa,Southend,Southend United
cift yazim birlestirildi,Dominique Aulanier,PCAC Sète,Sète
cift yazim birlestirildi,Dominique Jean-Zéphirin,Farnborough Town,Farnborough
cift yazim birlestirildi,Donald Slade,Southampton Ramblers,Southampton
cift yazim birlestirildi,Donald Slade,Dundee United,Dundee
cift yazim birlestirildi,Donato Bottone,Juventus Domo,Juventus
cift yazim birlestirildi,Doneil Henry,Minnesota United 2,Minnesota United
cift yazim birlestirildi,Donyell Malen,AS Roma,Roma
cift yazim birlestirildi,Doug McMahon,Montréal Carsteel FC / Cancar FC,Montréal Carsteel FC
cift yazim birlestirildi,Douglas Rodrigues,Buriram PEA,Buriram
cift yazim birlestirildi,Duncan MacLeod,Dundee United,Dundee
cift yazim birlestirildi,Duncan McKenzie,Brentford (guest),Brentford
cift yazim birlestirildi,Dušan Kljajić,Beograd,OFK Beograd
cift yazim birlestirildi,Dzmitry Kalachow,Dnepr-Transmash Mogilev,Dnepr Mogilev
cift yazim birlestirildi,Dzmitry Kalachow,Dnepr-2 Mogilev,Dnepr Mogilev
cift yazim birlestirildi,Dzmitry Makar,Smena Minsk,Minsk
cift yazim birlestirildi,Dzmitry Makar,Darida Minsk Raion,Minsk
cift yazim birlestirildi,Dzmitry Makar,Zvezda-BGU Minsk,Minsk
cift yazim birlestirildi,Dzmitry Makar,Torpedo-SKA Minsk,Minsk
cift yazim birlestirildi,Dzmitry Makar,Isloch Minsk Raion,Minsk
cift yazim birlestirildi,Dzmitry Zinovich,Isloch Minsk Raion,Minsk
cift yazim birlestirildi,Dzmitry Zinovich,Unixlabs Minsk,Minsk
cift yazim birlestirildi,Dzon Delarge,Qarabağ-2,Qarabağ
cift yazim birlestirildi,Dzyanis Kavalewski,Dinamo-2 Minsk,Dinamo Minsk
cift yazim birlestirildi,Dzyanis Kavalewski,Minsk,Dinamo Minsk
cift yazim birlestirildi,Eddy Bosnar,Sydney United 58,Sydney United
cift yazim birlestirildi,Eder García,Bilbao Athletic,Athletic Bilbao
cift yazim birlestirildi,Edevaldo Grimaldi,Real Rimini,Rimini
cift yazim birlestirildi,Edi Kirschner,Bayern Munich (A),Bayern Munich
cift yazim birlestirildi,Edin Višća,Başakşehir,İstanbul Başakşehir
cift yazim birlestirildi,Edmund Crawford,Scarborough Penguins,Scarborough
cift yazim birlestirildi,Edmund Strange,Small Heath Ravenhurst,Small Heath
cift yazim birlestirildi,Edu Alonso,Bilbao Athletic,Athletic Bilbao
cift yazim birlestirildi,Eduard Sobol,Metalurh-2 Zaporizhzhia,Metalurh Zaporizhzhia
cift yazim birlestirildi,Eduard Văluță,Rostselmash-d Rostov-on-Don,Rostselmash Rostov-on-Don
cift yazim birlestirildi,Eduard Zhevnerov,Minsk,Dinamo Minsk
cift yazim birlestirildi,Edward Watson,Sunderland West End,Sunderland
cift yazim birlestirildi,Edwin Hughes,Wrexham St Giles,Wrexham
cift yazim birlestirildi,Edwin Hughes,Wrexham Victoria,Wrexham
cift yazim birlestirildi,Egoitz Jaio,Bilbao Athletic,Athletic Bilbao
cift yazim birlestirildi,Eivind Helland,Fyllingsdalen 2,Fyllingsdalen
cift yazim birlestirildi,Eivind Helland,Brann 2,Brann
cift yazim birlestirildi,Eldor Shomurodov,Başakşehir,İstanbul Başakşehir
cift yazim birlestirildi,Eleandro Pema,Dinamo Tirana,Tirana
cift yazim birlestirildi,Elias Cobbaut,Racing Mechelen,Mechelen
cift yazim birlestirildi,Elinton Andrade,Flamengo Beach Soccer,Flamengo
cift yazim birlestirildi,Elinton Andrade,Fluminense Beach Soccer,Fluminense
cift yazim birlestirildi,Elio Bianchi,Alba Roma,Roma
cift yazim birlestirildi,Elio Bianchi,Avia Roma,Roma
cift yazim birlestirildi,Elis Bakaj,Partizani Tirana,Tirana
cift yazim birlestirildi,Elis Bakaj,Dinamo Tirana,Tirana
cift yazim birlestirildi,Eloy Matute,Recreativo Granada,Granada
cift yazim birlestirildi,Emanuel Bentil,Bayern Munich (A),Bayern Munich
cift yazim birlestirildi,Emanuele Calaiò,Zeta Napoli,Napoli
cift yazim birlestirildi,Emanuele Gatto,FC Lumezzane,Lumezzane
cift yazim birlestirildi,Emanuele Pesaresi,Ancona 1905,Ancona
cift yazim birlestirildi,Emanuele Spinozzi,Roma City,Roma
cift yazim birlestirildi,Emil Hallfreðsson,Virtus Verona,Verona
cift yazim birlestirildi,Emiliano Massimo,Racing Roma,Roma
cift yazim birlestirildi,Emiliano Storani,GS Elfa Tolentino,Tolentino
cift yazim birlestirildi,Emilijus Zubas,FK Ekranas,FK Ekranas-2
cift yazim birlestirildi,Emilio Badini,Virtus Bologna,Bologna
cift yazim birlestirildi,Emin Bayram,Başakşehir,İstanbul Başakşehir
cift yazim birlestirildi,Emirhan Topçu,NK Čelik Zenica,Čelik Zenica
cift yazim birlestirildi,Emmanuel Adebowale,Sheffield,Sheffield United
cift yazim birlestirildi,Emmanuel Aznar,EF Marseille-Provence,Marseille
cift yazim birlestirildi,Emmanuel Corrèze,Arles,Arles-Avignon
cift yazim birlestirildi,Emmanuel Frimpong,Arsenal Tula,Arsenal
cift yazim birlestirildi,Emrecan Bulut,Rizespor,Çaykur Rizespor
cift yazim birlestirildi,Endika Bordas,Bilbao Athletic,Athletic Bilbao
cift yazim birlestirildi,Endika Buján,Bilbao Athletic,Athletic Bilbao
cift yazim birlestirildi,Endika Guarrotxena,Bilbao Athletic,Athletic Bilbao
cift yazim birlestirildi,Eneko Bóveda,Bilbao Athletic,Athletic Bilbao
cift yazim birlestirildi,Enric Saborit,Bilbao Athletic,Athletic Bilbao
cift yazim birlestirildi,Enrico Colombari,Gerbi Pisa,Pisa
cift yazim birlestirildi,Enrico Debernardi,Audace Torino,Torino
cift yazim birlestirildi,Enrico Santià,GUF Torino,Torino
cift yazim birlestirildi,Enrique Ayúcar,Bilbao Athletic,Athletic Bilbao
cift yazim birlestirildi,Enrique Lora,Sevilla Atlético,Sevilla
cift yazim birlestirildi,Enrique Magdaleno,Real Burgos,Burgos
cift yazim birlestirildi,Enzo Reale,Lyon-Duchère,Lyon
cift yazim birlestirildi,Ercüment Kafkasyalı,Darıca Gençlerbirliği,Gençlerbirliği
cift yazim birlestirildi,Eren Derdiyok,FC Basel U-21,FC Basel
cift yazim birlestirildi,Eric Abidal,Lyon Duchère,Lyon
cift yazim birlestirildi,Éric Lada,Marseille Endoume,Marseille
cift yazim birlestirildi,Eric López,Vilassar de Mar,Vilassar Mar
cift yazim birlestirildi,Eric Martin,Washington Diplomats (indoor),Washington Diplomats
cift yazim birlestirildi,Éric Mouloungui,Vauban Strasbourg,Strasbourg
cift yazim birlestirildi,Eric Stephenson,Leeds United (war),Leeds United
cift yazim birlestirildi,Eric Tié Bi,Thonon Évian,Évian
cift yazim birlestirildi,Erik Ahlstrand,St. Pauli,FC St. Pauli
cift yazim birlestirildi,Erik Morán,Bilbao Athletic,Athletic Bilbao
cift yazim birlestirildi,Erling Haaland,Bryne 2,Bryne
cift yazim birlestirildi,Erling Haaland,Molde 2,Molde
cift yazim birlestirildi,Ermin Melunović,SV Wehen Taunusstein,SV Wehen
cift yazim birlestirildi,Ernest Agyiri,Vålerenga 2,Vålerenga
cift yazim birlestirildi,Ernest Bertram,South Shields Adelaide,South Shields
cift yazim birlestirildi,Ernie Tuckett,Bradford City (war guest),Bradford City
cift yazim birlestirildi,Erol Bulut,Olympiacos Volos,Olympiacos
cift yazim birlestirildi,Errol Crossan,New Westminster Royals / Labatt's,New Westminster Royals
cift yazim birlestirildi,Ertuğrul Tekşen,1922 Konyaspor,Konyaspor
cift yazim birlestirildi,Erwin Schädler,Eintracht Frankfurt / KSG Eintracht / FSV,Eintracht Frankfurt
cift yazim birlestirildi,Estanislao Argote,Bilbao Athletic,Athletic Bilbao
cift yazim birlestirildi,Esteve Fradera,Barcelona Amateur,Barcelona
cift yazim birlestirildi,Étienne Sansonetti,Gazélec Ajaccio,Ajaccio
cift yazim birlestirildi,Eustaquio Celada,Athletic de Madrid,Madrid
cift yazim birlestirildi,Evan Ndicka,AS Roma,Roma
cift yazim birlestirildi,Evando,Vitória,Vitória Guimarães
cift yazim birlestirildi,Evandro Brandão,Benfica Castelo Branco,Benfica
cift yazim birlestirildi,Eyong Enoh,Ajax Cape Town,Ajax
cift yazim birlestirildi,Eyong Enoh,Ajax Amateurs,Ajax
cift yazim birlestirildi,Fabian Mrozek,FC Cincinnati 2,FC Cincinnati
cift yazim birlestirildi,Fabian Sporkslede,Ajax Amateurs,Ajax
cift yazim birlestirildi,Fabien Ourega,Kauno Žalgiris,Žalgiris
cift yazim birlestirildi,Fabio Enzo,Tevere Roma,Roma
cift yazim birlestirildi,Fábio Ferreira,Sydney Olympic,Sydney
cift yazim birlestirildi,Fabrice Apruzesse,Marseille Endoume,Marseille
cift yazim birlestirildi,Fabrice Jau,Toulouse Saint-Jo,Toulouse
cift yazim birlestirildi,Fabrice Moreau,Paris,Paris Saint-Germain
cift yazim birlestirildi,Fabrício,Boavista-RJ,Boavista
cift yazim birlestirildi,Fabrizio Bramati,FC Messina,Messina
cift yazim birlestirildi,Facundo Bernal,Real Betis,Betis
cift yazim birlestirildi,Fahri Tatan,Rizespor,Çaykur Rizespor
cift yazim birlestirildi,Fan Ruiwei,Guangzhou Dandelion Alpha,Guangzhou
cift yazim birlestirildi,Farès Bahlouli,Lyon Duchère B,Lyon B
cift yazim birlestirildi,Farès Bahlouli,Lyon Duchère,Lyon
cift yazim birlestirildi,Farez Brahmia,FC Mulhouse,Mulhouse
cift yazim birlestirildi,Feliciano Rey,Racing de Madrid,Madrid
cift yazim birlestirildi,Felix Ademola,Vard Haugesund,Haugesund
cift yazim birlestirildi,Felix Higl,SSV Ulm 1846,SSV Ulm
cift yazim birlestirildi,Félix Pérez,Racing de Madrid,Madrid
cift yazim birlestirildi,Félix Pérez,Madrid,Atlético Madrid
cift yazim birlestirildi,Félix Sarriugarte,Bilbao Athletic,Athletic Bilbao
cift yazim birlestirildi,Félix Zubiaga,Bilbao Athletic,Athletic Bilbao
cift yazim birlestirildi,Femi Orenuga,Raufoss 2,Raufoss
cift yazim birlestirildi,Femi Orenuga,Bedford Town (dual registration),Bedford Town
cift yazim birlestirildi,Fernando Amorebieta,Bilbao Athletic,Athletic Bilbao
cift yazim birlestirildi,Fernando de Ornelas,Marítimo Caracas,Marítimo
cift yazim birlestirildi,Fernando Guerrero,CS Emelec,Emelec
cift yazim birlestirildi,Fernando Llorente,Bilbao Athletic,Athletic Bilbao
cift yazim birlestirildi,Fernando Pasquinelli,Club Atlético San Telmo,San Telmo
cift yazim birlestirildi,Fernando Pasquinelli,Club Atlético Sarmiento,Sarmiento
cift yazim birlestirildi,Fernando Quintanilla,Bilbao Athletic,Athletic Bilbao
cift yazim birlestirildi,Ferran Jutglà,Celta Vigo,Celta
cift yazim birlestirildi,Ferran Torres,Valencia Mestalla,Valencia
cift yazim birlestirildi,Fırat Kocaoğlu,Galatasaray A2,Galatasaray
cift yazim birlestirildi,Filip Ivanow,Minsk,Dinamo Minsk
cift yazim birlestirildi,Filip Valenčič,Stabæk 2,Stabæk
cift yazim birlestirildi,Filip Valenčič,KuPS Akatemia,KuPS
cift yazim birlestirildi,Filippo Scardina,Racing Roma,Roma
cift yazim birlestirildi,Florentin Pogba,Atlanta United 2,Atlanta United
cift yazim birlestirildi,Florian Raspentino,Bastia-Borgo,Bastia
cift yazim birlestirildi,Florin Cernat,Dynamo-2 Kyiv,Dynamo Kyiv
cift yazim birlestirildi,Fran García,Real Betis,Betis
cift yazim birlestirildi,Fran Grima,Badalona Futur,Badalona
cift yazim birlestirildi,Fran Moreno,Racing Murcia,Murcia
cift yazim birlestirildi,Francesco Cappelli,Tevere Roma,Roma
cift yazim birlestirildi,Francesco Di Gennaro,Virtus Lanciano,Lanciano
cift yazim birlestirildi,Francesco Quintini,Banco di Roma,Roma
cift yazim birlestirildi,Francesco Scaratti,Tevere Roma,Roma
cift yazim birlestirildi,Francesco Toldo,Milan,Inter Milan
cift yazim birlestirildi,Francesco Volpe,Lupa Piacenza,Piacenza
cift yazim birlestirildi,Francis Joseph,Chertsey Town (player-coach),Chertsey Town
cift yazim birlestirildi,Francisco Ballester,Elche Ilicitano,Elche
cift yazim birlestirildi,Francisco Elzo,Beasain SA,Beasain
cift yazim birlestirildi,Francisco Leal,Sevilla Atlético,Sevilla
cift yazim birlestirildi,Francisco Medina Luna,AEL,AEL Limassol
cift yazim birlestirildi,Francisco Rubio,Joué-lès-Tours,Tours
cift yazim birlestirildi,Francisco Sanjosé,Sevilla Atlético,Sevilla
cift yazim birlestirildi,Francisco Yeste,Bilbao Athletic,Athletic Bilbao
cift yazim birlestirildi,Franck Tanasi,Paris,Paris Saint-Germain
cift yazim birlestirildi,Franco Fragapane,Elche Ilicitano,Elche
cift yazim birlestirildi,Franco Fragapane,Unión Santa Fe,Unión de Santa Fe
cift yazim birlestirildi,Franco Massimo,Horsham YMCA,Horsham
cift yazim birlestirildi,Franco Superchi,Tevere Roma,Roma
cift yazim birlestirildi,François Remetter,Vauban Strasbourg,Strasbourg
cift yazim birlestirildi,Frank Barton,Seattle Sounders (indoor),Seattle Sounders
cift yazim birlestirildi,Frank Drabble,Southport Central,Southport
cift yazim birlestirildi,Frank Englefield,Southampton Wanderers,Southampton
cift yazim birlestirildi,Frank Gerster,Bayern Munich (A),Bayern Munich
cift yazim birlestirildi,Frank McEwan,Airdrieonians (guest),Airdrieonians
cift yazim birlestirildi,Frank McPherson,Barrow Shipbuilders,Barrow
cift yazim birlestirildi,Frank Ordenewitz,Werder Bremen (A),Werder Bremen
cift yazim birlestirildi,Frank Schmidt,1. FC Nürnberg (A),1. FC Nürnberg
cift yazim birlestirildi,Frank Wiblishauser,Bayern Munich (A),Bayern Munich
cift yazim birlestirildi,Frantz Mathieu,Chicago Sting (indoor),Chicago Sting
cift yazim birlestirildi,Fred Briggs,Southampton (guest),Southampton
cift yazim birlestirildi,Fred Dunmore,Newcastle United Swifts,Newcastle United
cift yazim birlestirildi,Fred Gibson,Sunderland Royal Rovers,Sunderland
cift yazim birlestirildi,Fred Milnes,Sheffield,Sheffield United
cift yazim birlestirildi,Fred Pagnam,Blackpool Wednesday,Blackpool
cift yazim birlestirildi,Fred Smallwood,Wrexham (wartime guest),Wrexham
cift yazim birlestirildi,Fred Thompson,Sunderland West End,Sunderland
cift yazim birlestirildi,Freddy Zix,CS Pierrots Strasbourg,Strasbourg
cift yazim birlestirildi,Frédéric Danjou,Gazélec Ajaccio,Ajaccio
cift yazim birlestirildi,Frederick Mearns,Sunderland West End,Sunderland
cift yazim birlestirildi,Friedel Lutz,Eintracht Frankfurt <sup>(OL Süd)</sup>,Eintracht Frankfurt
cift yazim birlestirildi,Friedel Lutz,Eintracht Frankfurt <sup>(BL)</sup>,Eintracht Frankfurt
cift yazim birlestirildi,Friedrich Claus,FFV,Frankfurter Kickers / FFV
cift yazim birlestirildi,Fritz Emeran,Saint-Denis Saint-Leu,Saint-Leu
cift yazim birlestirildi,Fritz Kübert,Eintracht Frankfurt Am.,Eintracht Frankfurt
cift yazim birlestirildi,Fuat Usta,MVV Maastricht,MVV
cift yazim birlestirildi,Gábor Bori,Kecskemét <small></small>,Kecskemét
cift yazim birlestirildi,Gábor Bori,Vasas <small></small>,Vasas
cift yazim birlestirildi,Gabriel Bordi,Granada 74,Granada
cift yazim birlestirildi,Gabriel Hoyos,Miami Dade,Miami
cift yazim birlestirildi,Gabriele Grossi,Vigili Urbani Roma,Roma
cift yazim birlestirildi,Gaël Andonian,Marseille Endoume,Marseille
cift yazim birlestirildi,Gaetano D'Agostino,Lupa Roma,Roma
cift yazim birlestirildi,Gaetano Manno,Wuppertaler SV Borussia,Wuppertaler SV
cift yazim birlestirildi,Gaizka Bergara,Bilbao Athletic,Athletic Bilbao
cift yazim birlestirildi,Gaizka Garitano,Bilbao Athletic,Athletic Bilbao
cift yazim birlestirildi,Gaizka Larrazabal,Bilbao Athletic,Athletic Bilbao
cift yazim birlestirildi,Gareth Graham,Croydon,Croydon Athletic
cift yazim birlestirildi,Gareth Graham,AFC Croydon Athletic (dual-registration),Croydon Athletic
cift yazim birlestirildi,Gary Mulligan,AFC Rushden & Diamonds,Rushden & Diamonds
cift yazim birlestirildi,Gary Towse,Folkestone Invicta,Folkestone
cift yazim birlestirildi,Gastone Prendato,Tita Fumei Padova,Padova
cift yazim birlestirildi,Gavin Geddes,Horsham YMCA,Horsham
cift yazim birlestirildi,Gavin Geddes,Worthing United,Worthing
cift yazim birlestirildi,Gedion Zelalem,Swope Park Rangers,Rangers
cift yazim birlestirildi,Genar Andrinúa,Bilbao Athletic,Athletic Bilbao
cift yazim birlestirildi,Gennaro Borrelli,Rizespor,Çaykur Rizespor
cift yazim birlestirildi,Geoffrey Adjet,Toulouse Fontaines,Toulouse
cift yazim birlestirildi,Geordie Dewar,Dumbarton Athletic,Dumbarton
cift yazim birlestirildi,George Aimer,Dundee Hibernian,Dundee
cift yazim birlestirildi,George Eastham Sr.,Bolton Wanderers (war guest),Bolton Wanderers
cift yazim birlestirildi,George Eastham Sr.,Brentford (war guest),Brentford
cift yazim birlestirildi,George Edmonds,Watford Wednesday,Watford
cift yazim birlestirildi,George Featherstone,Darlington St Hilda's,Darlington
cift yazim birlestirildi,George Forrester,Dundee United,Dundee
cift yazim birlestirildi,George Garratly,Walsall Constitutional,Walsall
cift yazim birlestirildi,George Gladwin,Doncaster Rovers (guest),Doncaster Rovers
cift yazim birlestirildi,George Groves,Sheffield United (guest),Sheffield United
cift yazim birlestirildi,George Hunter,Croydon Common (wartime),Croydon Common
cift yazim birlestirildi,George Keenlyside,Jarrow Royal Oak,Jarrow
cift yazim birlestirildi,George Keenlyside,Jarrow Park Villa,Jarrow
cift yazim birlestirildi,George Keenlyside,Jarrow Croft,Jarrow
cift yazim birlestirildi,George Malcolm,Darlington St Augustine's,Darlington
cift yazim birlestirildi,George McGhee,Southampton Pirates,Southampton
cift yazim birlestirildi,George McGhee,Southampton Cambridge,Southampton
cift yazim birlestirildi,George Philip,Dundee North End,Dundee
cift yazim birlestirildi,George Seeley,Southampton Wanderers,Southampton
cift yazim birlestirildi,George Webb,Bournemouth,AFC Bournemouth
cift yazim birlestirildi,Georges Meuris,CS Jean-Bouin Angers,Angers
cift yazim birlestirildi,Georgi Dzhikiya,Lokomotiv-2 Moscow,Lokomotiv Moscow
cift yazim birlestirildi,Gerard Barri,Elche Ilicitano,Elche
cift yazim birlestirildi,Gérard Cenzato,Paris-Joinville,Paris
cift yazim birlestirildi,Gérard Cenzato,Paris,Paris Saint-Germain
cift yazim birlestirildi,Gerard Dewhurst,Liverpool Ramblers,Liverpool
cift yazim birlestirildi,Gérard Hallet,Paris SG,Paris
cift yazim birlestirildi,Gérard Hausser,ASPV Strasbourg,Strasbourg
cift yazim birlestirildi,Gérard Lanthier,Lyon-Duchère,Lyon
cift yazim birlestirildi,Gérard Lanthier,Paris,Paris Saint-Germain
cift yazim birlestirildi,Gerd Zimmermann,Calgary Boomers indoor,Calgary Boomers
cift yazim birlestirildi,German Barkovsky,Belshina-2 Bobruisk,Belshina Bobruisk
cift yazim birlestirildi,German Onugkha,Krasnodar-2,Krasnodar
cift yazim birlestirildi,Gerrie Mühren,RKSV Volendam,Volendam
cift yazim birlestirildi,Gerry McAloon,Belfast Celtic,Celtic
cift yazim birlestirildi,Gert Wieczorkowski,San Diego Sockers (NASL indoor),San Diego Sockers
cift yazim birlestirildi,Gert Wieczorkowski,San Diego Sockers (MISL indoor),San Diego Sockers
cift yazim birlestirildi,Giacomo La Rosa,Banco di Roma,Roma
cift yazim birlestirildi,Giacomo Valentini,Montepaschi Roma,Roma
cift yazim birlestirildi,Gianangelo Barzan,Petrarca Padova,Padova
cift yazim birlestirildi,Gianluca Barba,Pro Piacenza,Piacenza
cift yazim birlestirildi,Gianluca Frontino,Grasshopper U-21,Grasshopper
cift yazim birlestirildi,Gianluca Mancini,AS Roma,Roma
cift yazim birlestirildi,Gibson McNaughton,Dundee Violet,Dundee
cift yazim birlestirildi,Gilles Brisson,Paris,Paris Saint-Germain
cift yazim birlestirildi,Giorgi Chelidze,FC Merani-91 Tbilisi,FC Tbilisi
cift yazim birlestirildi,Giorgi Chelidze,FC Olimpi Tbilisi,FC Tbilisi
cift yazim birlestirildi,Giorgi Demetradze,Dynamo-2 Kyiv,Dynamo Kyiv
cift yazim birlestirildi,Giorgio Venturin,Cisco Lodigiani,Lodigiani
cift yazim birlestirildi,Giosuè Stucchi,Tevere Roma,Roma
cift yazim birlestirildi,Giovanbattista Catalano,Lamezia,Vigor Lamezia
cift yazim birlestirildi,Giovanni Corbyons,Fortitudo Roma,Roma
cift yazim birlestirildi,Giovanni Corbyons,Alba Roma,Roma
cift yazim birlestirildi,Giovanni González,River Plate Montevideo,River Plate
cift yazim birlestirildi,Giovanni Zanni,Cusiana Omegna,Omegna
cift yazim birlestirildi,Gísli Þórðarson,St. Pauli,FC St. Pauli
cift yazim birlestirildi,Giuseppe Gobetti,Juventus Trapani,Juventus
cift yazim birlestirildi,Givi Kvaratskhelia,Tbilisi,Dinamo Tbilisi
cift yazim birlestirildi,Glen Kamara,Rangers,Queens Park Rangers
cift yazim birlestirildi,Glenn Roeder,Orient,Leyton Orient
cift yazim birlestirildi,Gonzalo Belloso,Cruz Azul Hidalgo,Cruz Azul
cift yazim birlestirildi,Gordan Bunoza,Karlovac 1919,Karlovac
cift yazim birlestirildi,Gordon Hill,Chicago Sting (indoor),Chicago Sting
cift yazim birlestirildi,Gordon Hill,Montreal Manic (indoor),Montreal Manic
cift yazim birlestirildi,Gordon Reed,Consett Technical Institute,Consett
cift yazim birlestirildi,Gorka Azkorra,Bilbao Athletic,Athletic Bilbao
cift yazim birlestirildi,Gorka Guruzeta,Bilbao Athletic,Athletic Bilbao
cift yazim birlestirildi,Gorka Iraizoz,Bilbao Athletic,Athletic Bilbao
cift yazim birlestirildi,Gökay Iravul,Fenerbahçe A2,Fenerbahçe
cift yazim birlestirildi,Gökhan Alsan,Trabzonspor A2,Trabzonspor
cift yazim birlestirildi,Graeme Smith,Berwick Rangers,Rangers
cift yazim birlestirildi,Grant Hall,Whitehawk (dual reg.),Whitehawk
cift yazim birlestirildi,Greg Allen,Dagenham,Dagenham & Redbridge
cift yazim birlestirildi,Grigol Imedadze,FC Torpedo-2 Kutaisi,FC Torpedo Kutaisi
cift yazim birlestirildi,Grigol Imedadze,FC Torpedo-2008 Kutaisi,FC Torpedo Kutaisi
cift yazim birlestirildi,Grigol Imedadze,FC Lokomotivi Tbilisi,FC Tbilisi
cift yazim birlestirildi,Guillaume Deschamps,Consolat Marseille,Marseille
cift yazim birlestirildi,Guillermo Fernández,Bilbao Athletic,Athletic Bilbao
cift yazim birlestirildi,Gus Moffat,Detroit Express (indoor),Detroit Express
cift yazim birlestirildi,Gustav Mogensen,Sarpsborg 08 2,Sarpsborg 08
cift yazim birlestirildi,Gustav Mogensen,Ranheim 2,Ranheim
cift yazim birlestirildi,Guy Delhumeau,Paris,Paris Saint-Germain
cift yazim birlestirildi,Guy Ngosso,Quevilly-Rouen,Rouen
cift yazim birlestirildi,Günter Kaltenbrunner,Admira Wacker Wien,Wacker Wien
cift yazim birlestirildi,Hakan Yakın,Concordia Basel,Basel
cift yazim birlestirildi,Hamdi Harbaoui,Excel Mouscron,Mouscron
cift yazim birlestirildi,Hans Weiner,Chicago Sting (indoor),Chicago Sting
cift yazim birlestirildi,Hans-Joachim Weller,FC Young Fellows Zürich,FC Zürich
cift yazim birlestirildi,Harald Cerny,Bayern Munich (A),Bayern Munich
cift yazim birlestirildi,Haris Harba,Bosna Sarajevo,Sarajevo
cift yazim birlestirildi,Haris Harba,Olimpik Sarajevo,Sarajevo
cift yazim birlestirildi,Harlee Dean,Redbridge,Dagenham & Redbridge
cift yazim birlestirildi,Harold Lozano,América Cali,América
cift yazim birlestirildi,Harry Baird,Linfield (guest),Linfield
cift yazim birlestirildi,Harry Baird,Ipswich Town (guest),Ipswich Town
cift yazim birlestirildi,Harry Dukes,Norwich City (guest),Norwich City
cift yazim birlestirildi,Harry Dukes,Bedford Town (guest),Bedford Town
cift yazim birlestirildi,Harry Godbold,Boston,Boston United
cift yazim birlestirildi,Harry Trainer,Wrexham Victoria,Wrexham
cift yazim birlestirildi,Harry Trainer,Wrexham Grosvenor,Wrexham
cift yazim birlestirildi,Harry Wood,Walsall Swifts,Walsall Town Swifts
cift yazim birlestirildi,Harry Yates,Walsall Swifts,Walsall
cift yazim birlestirildi,Hartmut Weiß,VfB Stuttgart Amateure,VfB Stuttgart
cift yazim birlestirildi,Hassoun Camara,Montreal Impact <small>(NASL)</small>,Montreal Impact
cift yazim birlestirildi,Héctor Bellerín,Real Betis,Betis
cift yazim birlestirildi,Helge Bronée,ØB,B.93
cift yazim birlestirildi,Hennes Behrens,Augsburg,FC Augsburg
cift yazim birlestirildi,Henok Goitom,Ciudad Murcia,Murcia
cift yazim birlestirildi,Henri Guérin,Tour d'Auvergne Rennes,Rennes
cift yazim birlestirildi,Henri Guérin,Équipe fédérale Rennes-Bretagne,Rennes
cift yazim birlestirildi,Henri Roessler,AS Strasbourg,Strasbourg
cift yazim birlestirildi,Henri Roessler,Reims-Champagne,Reims
cift yazim birlestirildi,Henrik Meister,Sarpsborg 08 2,Sarpsborg 08
cift yazim birlestirildi,Herbert Hamilton,New Brighton Baptists,New Brighton
cift yazim birlestirildi,Herbert Lock,Rangers,Queens Park Rangers
cift yazim birlestirildi,Hicham Benkaid,CS Neuhof Strasbourg,Strasbourg
cift yazim birlestirildi,Hope Akpan,SJK Akatemia,SJK
cift yazim birlestirildi,Horace Blew,Wrexham Victoria,Wrexham
cift yazim birlestirildi,Horacio Peralta,Cerro Largo,Cerro
cift yazim birlestirildi,Horst Ehrmantraut,FC 08 Homburg,FC Homburg
cift yazim birlestirildi,Horst Hrubesch,SC Westtünnen,SC Westtünnen (de)
cift yazim birlestirildi,Horst-Dieter Höttges,Werder Bremen amateurs,Werder Bremen
cift yazim birlestirildi,Howard Fabian,Corinthian-Casuals,Corinthian
cift yazim birlestirildi,Hugh Bolton,Port Glasgow Athletic Juniors,Port Glasgow Athletic
cift yazim birlestirildi,Hugo Bacharach,Minnesota United 2,Minnesota United
cift yazim birlestirildi,Hugo Colace,Estudiantes Tecos,Estudiantes
cift yazim birlestirildi,Hugo Rincón,Bilbao Athletic,Athletic Bilbao
cift yazim birlestirildi,Husniddin Aliqulov,Rizespor,Çaykur Rizespor
cift yazim birlestirildi,Hüsamettin Tut,52 Orduspor,Orduspor
cift yazim birlestirildi,Hüsamettin Tut,Keçiörengücü,Ankara Keçiörengücü
cift yazim birlestirildi,Hüseyin Yoğurtçu,Gençlerbirliği Oftaşspor,Gençlerbirliği
cift yazim birlestirildi,Iago Aspas,Celta Vigo,Celta
cift yazim birlestirildi,Iago Herrerín,Bilbao Athletic,Athletic Bilbao
cift yazim birlestirildi,Iain Phillip,Dundee United,Dundee
cift yazim birlestirildi,Ian Gillespie,Ipswich Town (guest),Ipswich Town
cift yazim birlestirildi,Ian Hamilton,Minnesota Kicks (indoor),Minnesota Kicks
cift yazim birlestirildi,Ian Redford,Dundee United,Dundee
cift yazim birlestirildi,Ian Turner,Road-Sea Southampton,Southampton
cift yazim birlestirildi,Ibai Gómez,Bilbao Athletic,Athletic Bilbao
cift yazim birlestirildi,Ibón Gutiérrez,Bilbao Athletic,Athletic Bilbao
cift yazim birlestirildi,Ibon Sánchez,Bilbao Athletic,Athletic Bilbao
cift yazim birlestirildi,Ibrahim Olawoyin,Rizespor,Çaykur Rizespor
cift yazim birlestirildi,Ignace Kowalczyk,Reims-Champagne,Reims
cift yazim birlestirildi,Ignacio Lores,Athletic Club Palermo,Palermo
cift yazim birlestirildi,Igor Angulo,Bilbao Athletic,Athletic Bilbao
cift yazim birlestirildi,Igor Konovalov,Kuban-2 Krasnodar,Kuban Krasnodar
cift yazim birlestirildi,Igor Korneev,CSKA-2 Moscow,CSKA Moscow
cift yazim birlestirildi,Igor Martínez,Bilbao Athletic,Athletic Bilbao
cift yazim birlestirildi,Igor Yanovsky,Spartak-Alania Vladikavkaz,Alania Vladikavkaz
cift yazim birlestirildi,Ihar Burko,Torpedo-BelAZ-2 Zhodino,Torpedo-BelAZ Zhodino
cift yazim birlestirildi,Ike Shorunmu,Juventus Zürich,Zürich
cift yazim birlestirildi,Iker Losada,Real Betis,Betis
cift yazim birlestirildi,Iker Monreal,Bilbao Athletic,Athletic Bilbao
cift yazim birlestirildi,Iker Muniain,Bilbao Athletic,Athletic Bilbao
cift yazim birlestirildi,Iker Undabarrena,Bilbao Athletic,Athletic Bilbao
cift yazim birlestirildi,Ilaix Moriba,Celta Vigo,Celta
cift yazim birlestirildi,Ilie Datcu,Dinamo Obor București,Dinamo București
cift yazim birlestirildi,Ilya Kazakov,Spartak-Telekom Shuya,Spartak-Telekom Shuya (amateur)
cift yazim birlestirildi,Ilya Kazakov,Saturn-d Ramenskoye,Saturn Ramenskoye
cift yazim birlestirildi,Ilya Moskalenchik,Zenit-2 Saint Petersburg,Zenit Saint Petersburg
cift yazim birlestirildi,Ilya Moskalenchik,Arsenal-2 Tula,Arsenal Tula
cift yazim birlestirildi,Ilya Sadygov,Olimp Khimki,Olimp Khimki (amateur)
cift yazim birlestirildi,Ilya Sadygov,Olimp Khimki (amateur),Khimki
cift yazim birlestirildi,Imanol Etxeberria,Bilbao Athletic,Athletic Bilbao
cift yazim birlestirildi,Imanol García de Albéniz,Bilbao Athletic,Athletic Bilbao
cift yazim birlestirildi,Iñaki Lafuente,Bilbao Athletic,Athletic Bilbao
cift yazim birlestirildi,Iñaki Williams,Bilbao Athletic,Athletic Bilbao
cift yazim birlestirildi,Iñigo Córdoba,Bilbao Athletic,Athletic Bilbao
cift yazim birlestirildi,Iñigo Lekue,Bilbao Athletic,Athletic Bilbao
cift yazim birlestirildi,Iñigo Liceranzu,Bilbao Athletic,Athletic Bilbao
cift yazim birlestirildi,Iñigo Lizarralde,Bilbao Athletic,Athletic Bilbao
cift yazim birlestirildi,Iñigo Pérez,Bilbao Athletic,Athletic Bilbao
cift yazim birlestirildi,Iñigo Ruiz de Galarreta,Bilbao Athletic,Athletic Bilbao
cift yazim birlestirildi,Iñigo Vicente,Bilbao Athletic,Athletic Bilbao
cift yazim birlestirildi,Innocent Emeghara,Winterthur,FC Winterthur
cift yazim birlestirildi,Innocent Hamga,Garoua,Cotonsport Garoua
cift yazim birlestirildi,Ion Nunweiller,Dinamo 6 București,Dinamo București
cift yazim birlestirildi,Ion Vélez,Bilbao Athletic,Athletic Bilbao
cift yazim birlestirildi,Iosif Rotariu,ASU Politehnica Timișoara,Politehnica Timișoara
cift yazim birlestirildi,Ippolito Ippoliti,Juventus Roma,Roma
cift yazim birlestirildi,Ireneusz Jeleń,CKS Piast Cieszyn,Piast Cieszyn
cift yazim birlestirildi,Irvine Thornley,Glossop Villa,Glossop
cift yazim birlestirildi,Irvine Thornley,Glossop St James,Glossop
cift yazim birlestirildi,Isaac Aketxe,Bilbao Athletic,Athletic Bilbao
cift yazim birlestirildi,Isaac Atanga,FC Cincinnati 2,FC Cincinnati
cift yazim birlestirildi,Isaac Atanga,Aalesund 2,Aalesund
cift yazim birlestirildi,Isaac Jové,Ciudad Murcia,Murcia
cift yazim birlestirildi,Isaac Jové,CF Lorca Deportiva,Lorca Deportiva
cift yazim birlestirildi,Isaac Okoronkwo,Shakhtar-2 Donetsk,Shakhtar Donetsk
cift yazim birlestirildi,Isah Eliakwu,Triestina (co-ownership),Triestina
cift yazim birlestirildi,Isco,Real Betis,Betis
cift yazim birlestirildi,Isma López,Bilbao Athletic,Athletic Bilbao
cift yazim birlestirildi,Ismael Urtubi,Bilbao Athletic,Athletic Bilbao
cift yazim birlestirildi,Iván Alonso,River Plate (UY),River Plate
cift yazim birlestirildi,Iván Amaya,Ciudad Murcia,Murcia
cift yazim birlestirildi,Ivan Brnić,Başakşehir,İstanbul Başakşehir
cift yazim birlestirildi,Iván Crespo,Gimnástica de Torrelavega,Gimnástica
cift yazim birlestirildi,Iván Iglesias,Oviedo ACF,Oviedo
cift yazim birlestirildi,Ivan Ordets,Shakhtar-3 Donetsk,Shakhtar Donetsk
cift yazim birlestirildi,Ivan Santini,HNK Zadar,Zadar
cift yazim birlestirildi,Iván Villar,Celta Vigo,Celta
cift yazim birlestirildi,İbrahim Kaş,GMG Kastamonuspor,Kastamonuspor
cift yazim birlestirildi,İlhan Eker,Gençlerbirliği OFTAŞ,Gençlerbirliği
cift yazim birlestirildi,İrfan Başaran,52 Orduspor,Orduspor
cift yazim birlestirildi,İsmail Güven,1922 Konyaspor,Konyaspor
cift yazim birlestirildi,İsmail Köse,Turgutluspor A2,Turgutluspor
cift yazim birlestirildi,Jacek Chańko,BKS Jagiellonia Białystok,Jagiellonia Białystok
cift yazim birlestirildi,Jacen Russell-Rowe,Columbus Crew 2,Columbus Crew
cift yazim birlestirildi,Jack Abrahams,Burnley Union Star,Burnley
cift yazim birlestirildi,Jack Aston,Walsall Wood,Walsall
cift yazim birlestirildi,Jack Barmby,Portland Timbers 2,Portland Timbers
cift yazim birlestirildi,Jack Cape,Carlisle United (guest),Carlisle United
cift yazim birlestirildi,Jack Chaplin,Dundee Arnot,Dundee
cift yazim birlestirildi,Jack Chaplin,Dundee Wanderers,Dundee
cift yazim birlestirildi,Jack Cock,Brentford (guest),Brentford
cift yazim birlestirildi,Jack Curtis,South Bank St Peters,South Bank
cift yazim birlestirildi,Jack Curtis,Brentford (guest),Brentford
cift yazim birlestirildi,Jack Dugnolle,Hove,Brighton & Hove Albion
cift yazim birlestirildi,Jack Farrell,Southampton St. Mary's,Southampton
cift yazim birlestirildi,Jack Haines,Bradford Park Avenue (war guest),Bradford Park Avenue
cift yazim birlestirildi,Jack Lyon,Prescot Athletic,Prescot
cift yazim birlestirildi,Jack McNee,Renton Wanderers,Renton
cift yazim birlestirildi,Jack Nelson,Chorley All Saints,Chorley
cift yazim birlestirildi,Jack Page,Sunderland West End,Sunderland
cift yazim birlestirildi,Jack Peart,Woolwich Arsenal,Arsenal
cift yazim birlestirildi,Jack Rodwell,Western Sydney Wanderers,Sydney
cift yazim birlestirildi,Jack Sibbald,Wallsend Elm Villa,Wallsend
cift yazim birlestirildi,Jack Spaven,Scarborough St James,Scarborough
cift yazim birlestirildi,Jack Spaven,Scarborough North End,Scarborough
cift yazim birlestirildi,Jack Tonks,Walsall Unity,Walsall
cift yazim birlestirildi,Jack Tonks,Walsall Town Swifts,Walsall
cift yazim birlestirildi,Jackie Chalmers,Cambuslang Rangers,Rangers
cift yazim birlestirildi,Jacob Young,Perth Glory NPL,Perth Glory
cift yazim birlestirildi,Jacques Favre,EF Reims-Champagne,Reims
cift yazim birlestirildi,Jahongir Ergashev,Eskhata Khujand,Khujand
cift yazim birlestirildi,Jaime Jornet,Elche Ilicitano,Elche
cift yazim birlestirildi,Jake Brimmer,Perth Glory NPL,Perth Glory
cift yazim birlestirildi,Jake Wholey,Ånge 2,Ånge
cift yazim birlestirildi,Jakub Kałuziński,Başakşehir,İstanbul Başakşehir
cift yazim birlestirildi,James Allan,Sunderland Albion,Sunderland
cift yazim birlestirildi,James Gillespie,Sunderland Albion,Sunderland
cift yazim birlestirildi,James Horton,Aldershot,Aldershot Town
cift yazim birlestirildi,James Macauley,Cliftonville Olympic,Cliftonville
cift yazim birlestirildi,James Martin,Stoke St Peter's,Stoke
cift yazim birlestirildi,James McCrae,West Ham United (war guest),West Ham United
cift yazim birlestirildi,James Miller,St Mirren Juniors,St Mirren
cift yazim birlestirildi,James Thomson,Dumbarton Harp,Dumbarton
cift yazim birlestirildi,James Welford,Belfast Celtic,Celtic
cift yazim birlestirildi,Jamie Cureton,Farnborough (dual registration),Farnborough
cift yazim birlestirildi,Jamie Cureton,Enfield (dual registration),Enfield
cift yazim birlestirildi,Jamie England,Cobram,Cobram Victory
cift yazim birlestirildi,Jamie Milligan,AFC Blackpool,Blackpool
cift yazim birlestirildi,Jamie Milligan,Hyde,Hyde United
cift yazim birlestirildi,Jamie White,Salisbury,Salisbury City
cift yazim birlestirildi,Jan-Derek Sørensen,FK Bodø/Glimt,Bodø/Glimt
cift yazim birlestirildi,Jaroslav Drobný,Dynamo České Budějovice,České Budějovice
cift yazim birlestirildi,Jason Banton,Braintree Town (dual-reg.),Braintree Town
cift yazim birlestirildi,Jason Euell,AFC Wimbledon,Wimbledon
cift yazim birlestirildi,Jason Pusey,Europa Point,Europa
cift yazim birlestirildi,Jaume Delgado,Lleida Esportiu,Lleida
cift yazim birlestirildi,Jaume Durán,FE Figueres,Figueres
cift yazim birlestirildi,Javi Galán,Celta Vigo,Celta
cift yazim birlestirildi,Javi González,Bilbao Athletic,Athletic Bilbao
cift yazim birlestirildi,Javi Rodríguez,Celta Vigo,Celta
cift yazim birlestirildi,Javi Rueda,Celta Vigo,Celta
cift yazim birlestirildi,Javid Huseynov,Olimpik Baku,Baku
cift yazim birlestirildi,Javid Huseynov,Inter Baku,Baku
cift yazim birlestirildi,Javid Huseynov,Baku,Neftchi Baku
cift yazim birlestirildi,Javier Aquino,Cruz Azul Hidalgo,Cruz Azul
cift yazim birlestirildi,Javier Casas,Bilbao Athletic,Athletic Bilbao
cift yazim birlestirildi,Javier Clemente,Bilbao Athletic,Athletic Bilbao
cift yazim birlestirildi,Javier Eraso,Bilbao Athletic,Athletic Bilbao
cift yazim birlestirildi,Javier Iturriaga,Bilbao Athletic,Athletic Bilbao
cift yazim birlestirildi,Javier Tarantino,Bilbao Athletic,Athletic Bilbao
cift yazim birlestirildi,Jaylan Hankins,Red Imps,Lincoln Red Imps
cift yazim birlestirildi,Jaylan Hankins,Europa Point,Europa
cift yazim birlestirildi,Jean Baratte,EF Lille Flandres,Lille
cift yazim birlestirildi,Jean Djorkaeff,Paris,Paris Saint-Germain
cift yazim birlestirildi,Jean Mambuku,Stade de Reims,Reims
cift yazim birlestirildi,Jean Robin,EF Marseille-Provence,Marseille
cift yazim birlestirildi,Jean Wendling,Vauban Strasbourg,Strasbourg
cift yazim birlestirildi,Jean-Alain Fanchone,ASPV Strasbourg,Strasbourg
cift yazim birlestirildi,Jean-Claude Bras,Paris,Paris Saint-Germain
cift yazim birlestirildi,Jean-François Beltramini,Paris SG,Paris
cift yazim birlestirildi,Jean-François Charbonnier,Paris,Paris Saint-Germain
cift yazim birlestirildi,Jean-François Rivière,Gazélec Ajaccio,Ajaccio
cift yazim birlestirildi,Jean-Jacques Etamé,ASPV Strasbourg,Strasbourg
cift yazim birlestirildi,Jean-Jacques Pierre,MOS Caen,Caen
cift yazim birlestirildi,Jean-Louis Leonetti,Paris,Paris Saint-Germain
cift yazim birlestirildi,Jean-Noël Huck,Paris,Paris Saint-Germain
cift yazim birlestirildi,Jeff Barker,Scunthorpe and Lindsey United,Scunthorpe United
cift yazim birlestirildi,Jeff Bourne,Seattle Sounders (indoor),Seattle Sounders
cift yazim birlestirildi,Jeffrey Baltus,AJ Auxerre 2,AJ Auxerre
cift yazim birlestirildi,Jens-Uwe Zöphel,FC Berlin,1. FC Union Berlin
cift yazim birlestirildi,Jérémy Choplin,Gazélec Ajaccio,Ajaccio
cift yazim birlestirildi,Jérémy Ménez,Paris,Paris Saint-Germain
cift yazim birlestirildi,Jerko Leko,Dynamo-2 Kyiv,Dynamo Kyiv
cift yazim birlestirildi,Jerome Opoku,Başakşehir,İstanbul Başakşehir
cift yazim birlestirildi,Jérôme Sonnerat,Borgo,Bastia-Borgo
cift yazim birlestirildi,Jess Vanstrattan,Central Coast,Central Coast Mariners
cift yazim birlestirildi,Jesús Areso,Bilbao Athletic,Athletic Bilbao
cift yazim birlestirildi,Jhon Culma,Cruz Azul Oaxaca,Cruz Azul
cift yazim birlestirildi,Jim Bellamy,Barking Town,Barking
cift yazim birlestirildi,Jim Bellamy,Dundee Hibernian,Dundee
cift yazim birlestirildi,Jim Brown,Brentford (guest),Brentford
cift yazim birlestirildi,Jim McInally,Dundee United,Dundee
cift yazim birlestirildi,Jim Steele,Chicago Sting (indoor),Chicago Sting
cift yazim birlestirildi,Jimmy Brown,Renton Union,Renton
cift yazim birlestirildi,Jimmy Brown,Renton Thistle,Renton
cift yazim birlestirildi,Jimmy Caskie,Berwick Rangers,Rangers
cift yazim birlestirildi,Jimmy Conway,Portland Timbers (indoor),Portland Timbers
cift yazim birlestirildi,Jimmy Croal,Dunfermline Athletic (guest),Dunfermline Athletic
cift yazim birlestirildi,Jimmy Croal,Falkirk (guest),Falkirk
cift yazim birlestirildi,Jimmy Cunliffe,Everton (war guest),Everton
cift yazim birlestirildi,Jimmy Cunliffe,Rochdale (war guest),Rochdale
cift yazim birlestirildi,Jimmy Dack,Carshalton Athletic (player/coach),Carshalton Athletic
cift yazim birlestirildi,Jimmy Donnelly,Darlington St Augustine's,Darlington
cift yazim birlestirildi,Jimmy Gordon,Barking Victoria,Barking
cift yazim birlestirildi,Jimmy Hannah,Sunderland Albion,Sunderland
cift yazim birlestirildi,Jimmy Hannah,Sunderland Royal Rovers,Sunderland
cift yazim birlestirildi,Jimmy Hay,Woodside Annbank,Annbank
cift yazim birlestirildi,Jimmy Hay,Ayr,Ayr United
cift yazim birlestirildi,Jimmy Hodge,Buxton Medical Institution,Buxton
cift yazim birlestirildi,Jimmy Jones,Glenavon Juniors,Glenavon
cift yazim birlestirildi,Jimmy Kelly,Tulsa Roughnecks (indoor),Tulsa Roughnecks
cift yazim birlestirildi,Jimmy Kelly,Toronto Blizzard (indoor),Toronto Blizzard
cift yazim birlestirildi,Jimmy Loughlin,Darlington Railway Athletic,Darlington
cift yazim birlestirildi,Jimmy McDougall,South Liverpool,Liverpool
cift yazim birlestirildi,Jimmy Sharp,Dundee Hibernian,Dundee
cift yazim birlestirildi,Jimmy Whitehead,Accrington,Accrington Stanley
cift yazim birlestirildi,João Klauss,St. Louis City 2,St. Louis City
cift yazim birlestirildi,Joaquín Rodríguez Eguinoa,Español de Madrid,Madrid
cift yazim birlestirildi,Job Wilding,Wrexham Olympic,Wrexham
cift yazim birlestirildi,Job Wilding,Wrexham Victoria,Wrexham
cift yazim birlestirildi,Jock Johnstone,Dundee Hibernian,Dundee
cift yazim birlestirildi,Jock Salter,"Civil Service, Southampton",Southampton
cift yazim birlestirildi,Joe Blochel,Road-Sea Southampton,Southampton
cift yazim birlestirildi,Joe Brough,Burslem Port Vale,Port Vale
cift yazim birlestirildi,Joe Cockroft,West Ham United (wartime),West Ham United
cift yazim birlestirildi,Joe Cockroft,Sheffield Wednesday (guest),Sheffield Wednesday
cift yazim birlestirildi,Joe Frail,Glossop North End,Glossop
cift yazim birlestirildi,Joe Gauci,Adelaide United NPL,Adelaide United
cift yazim birlestirildi,Joe Hisbent,Brentford (guest),Brentford
cift yazim birlestirildi,Joe McQue,Campsie,Campsie Black Watch
cift yazim birlestirildi,Joe Omigie,Hounslow Borough,Hounslow
cift yazim birlestirildi,Joe Readman,Ramsgate Press Wanderers,Ramsgate
cift yazim birlestirildi,Joe Shaw,Sunderland West End,Sunderland
cift yazim birlestirildi,Joe Turner,Southampton St. Mary's,Southampton
cift yazim birlestirildi,Joe Warrington,Macclesfield True Blues,Macclesfield
cift yazim birlestirildi,Joel Griffiths,Sydney United,Sydney
cift yazim birlestirildi,Joey Barton,Rangers,Queens Park Rangers
cift yazim birlestirildi,Johann Truchet,Borgo,Bastia-Borgo
cift yazim birlestirildi,Johanna Omolo,URSL Visé,Visé
cift yazim birlestirildi,John Arne Riise,Monaco 2,Monaco
cift yazim birlestirildi,John Ascroft,Flint Town,Flint Town United
cift yazim birlestirildi,John Bain,Portland Timbers (indoor),Portland Timbers
cift yazim birlestirildi,John Bain,Minnesota Strikers (indoor),Minnesota Strikers
cift yazim birlestirildi,John Best,Dallas Tornado (indoor),Dallas Tornado
cift yazim birlestirildi,John Bethune,Sittingbourne Paper Mills,Sittingbourne
cift yazim birlestirildi,John Boyle,Tampa Bay Rowdies (indoor),Tampa Bay Rowdies
cift yazim birlestirildi,John Browning,Dumbarton Harp,Dumbarton
cift yazim birlestirildi,John Cushley,Blantyre Celtic,Celtic
cift yazim birlestirildi,John Faulkner,California Surf (indoor),California Surf
cift yazim birlestirildi,John Jones,Holyhead,Holyhead Railways Institute
cift yazim birlestirildi,John Joyce,Millwall Athletic,Millwall
cift yazim birlestirildi,John King,Newcastle United (guest),Newcastle United
cift yazim birlestirildi,John Maconnachie,Djurgården (guest),Djurgården
cift yazim birlestirildi,John McGlashan,Dundee Violet,Dundee
cift yazim birlestirildi,John McLaughlin,South Liverpool,Liverpool
cift yazim birlestirildi,John Miller,Union Dumbarton,Dumbarton
cift yazim birlestirildi,John Pratt,Portland Timbers (indoor),Portland Timbers
cift yazim birlestirildi,John Priestley,Johnstone,St Johnstone
cift yazim birlestirildi,John Rooney,Macclesfield,Macclesfield Town
cift yazim birlestirildi,John Roxburgh,Sheffield,Sheffield United
cift yazim birlestirildi,John Spencer,Rangers,Queens Park Rangers
cift yazim birlestirildi,John Stiles,Vancouver Whitecaps (indoor),Vancouver Whitecaps
cift yazim birlestirildi,John Watson,Dundee Wanderers,Dundee
cift yazim birlestirildi,John Webb,Edmonton Drillers (indoor),Edmonton Drillers
cift yazim birlestirildi,John Westcott,Horsham YMCA,Horsham
cift yazim birlestirildi,Johnnie Mercer,Linfield Swifts,Linfield
cift yazim birlestirildi,Johnny Carey,Manchester United (wartime),Manchester United
cift yazim birlestirildi,Johnny Holt,Blackpool St. John's,Blackpool
cift yazim birlestirildi,Johnny Nguyen,Reims Sainte-Anne,Reims
cift yazim birlestirildi,Jon Ander Lambea,Bilbao Athletic,Athletic Bilbao
cift yazim birlestirildi,Jon Aspiazu,Bilbao Athletic,Athletic Bilbao
cift yazim birlestirildi,Jon Kennedy,FC Halifax Town,Halifax Town
cift yazim birlestirildi,Jon Morcillo,Bilbao Athletic,Athletic Bilbao
cift yazim birlestirildi,Jon Moya,Bilbao Athletic,Athletic Bilbao
cift yazim birlestirildi,Jonan García,Bilbao Athletic,Athletic Bilbao
cift yazim birlestirildi,Jonás Ramalho,Bilbao Athletic,Athletic Bilbao
cift yazim birlestirildi,Jonas Troest,AB Taarnby,AB
cift yazim birlestirildi,Jonathan Aspas,Pro Piacenza,Piacenza
cift yazim birlestirildi,Jonathan Ikoné,Paris,Paris Saint-Germain
cift yazim birlestirildi,Jonathan Okoronkwo,Krasnodar-2,Krasnodar
cift yazim birlestirildi,Jones El-Abdellaoui,Vålerenga 2,Vålerenga
cift yazim birlestirildi,Jones El-Abdellaoui,Celta Vigo,Celta
cift yazim birlestirildi,Jonny Burn,Darlington Town,Darlington
cift yazim birlestirildi,Jonny Steele,Miami FC 2,Miami
cift yazim birlestirildi,Jordan Rose,Salisbury,Salisbury City
cift yazim birlestirildi,Jordi Gómez,Omonia 29M,Omonia
cift yazim birlestirildi,Jorge Aizkorreta,Bilbao Athletic,Athletic Bilbao
cift yazim birlestirildi,Jorge Pérez,Bilbao Athletic,Athletic Bilbao
cift yazim birlestirildi,José Ángel,Unionistas de Salamanca,Salamanca
cift yazim birlestirildi,José Ángel Rojo,Bilbao Athletic,Athletic Bilbao
cift yazim birlestirildi,José Ángel Uribarrena,Bilbao Athletic,Athletic Bilbao
cift yazim birlestirildi,José Aveiro,Valencia Mestalla,Valencia
cift yazim birlestirildi,José Bravo,Ceuta Sport,Ceuta
cift yazim birlestirildi,José Carruana,Club Español de Madrid,Madrid
cift yazim birlestirildi,José Cerveró,Valencia Mestalla,Valencia
cift yazim birlestirildi,José Félix Guerrero,Bilbao Athletic,Athletic Bilbao
cift yazim birlestirildi,José Giralt,Club Español de Madrid,Madrid
cift yazim birlestirildi,José Ignacio,CD Logroñés,Logroñés
cift yazim birlestirildi,José Juan,Granada 74,Granada
cift yazim birlestirildi,José Juan Luque,Ciudad Murcia,Murcia
cift yazim birlestirildi,José Luis Zabala,Real Club Deportivo Oviedo,Real Oviedo
cift yazim birlestirildi,José Manuel Galdames,Bilbao Athletic,Athletic Bilbao
cift yazim birlestirildi,José Manuel Tárraga,Valencia Mestalla,Valencia
cift yazim birlestirildi,José María Echevarría,Bilbao Athletic,Athletic Bilbao
cift yazim birlestirildi,José María Menéndez,Real Avilés Industrial,Real Avilés
cift yazim birlestirildi,José María Sansinenea,Athletic Club de Madrid,Madrid
cift yazim birlestirildi,José Mingorance,Recreativo Granada,Granada
cift yazim birlestirildi,José Núñez,Bilbao Athletic,Athletic Bilbao
cift yazim birlestirildi,José Ramón Alexanko,Bilbao Athletic,Athletic Bilbao
cift yazim birlestirildi,José Ramón Gallego,Bilbao Athletic,Athletic Bilbao
cift yazim birlestirildi,José Vega,San Fernando CD,CD San Fernando
cift yazim birlestirildi,Joseba Arriaga,Bilbao Athletic,Athletic Bilbao
cift yazim birlestirildi,Joseba Garmendia,Bilbao Athletic,Athletic Bilbao
cift yazim birlestirildi,Joseph Armstrong,Portsmouth Tramways,Portsmouth
cift yazim birlestirildi,Joseph Barbato,Bastia-Borgo,Bastia
cift yazim birlestirildi,Joseph Barbato,ÉF Bastia,Bastia
cift yazim birlestirildi,Joseph Gettins,Millwall Athletic,Millwall
cift yazim birlestirildi,Joseph Gonzales,EF Marseille Provence,Marseille
cift yazim birlestirildi,Josh Gowling,Hereford,Hereford United
cift yazim birlestirildi,Joshua Brillante,Western Sydney Wanderers,Sydney
cift yazim birlestirildi,Josip Vuković,Split,Hajduk Split
cift yazim birlestirildi,Josu Urrutia,Bilbao Athletic,Athletic Bilbao
cift yazim birlestirildi,Jotha,Universidad LP <small></small>,Universidad LP
cift yazim birlestirildi,Jörg Bode,Hamburger SV (A),Hamburger SV
cift yazim birlestirildi,Jörg Sauerland,Borussia Dortmund (A),Borussia Dortmund
cift yazim birlestirildi,Juan Ángel Romero,Elche Ilicitano,Elche
cift yazim birlestirildi,Juan Canales,Real Madrid Aficionados,Real Madrid
cift yazim birlestirildi,Juan Carlos Vidal,Bilbao Athletic,Athletic Bilbao
cift yazim birlestirildi,Juan de Cárcer,Club Español de Madrid,Madrid
cift yazim birlestirildi,Juan de Cárcer,Athletic Madrid,Madrid
cift yazim birlestirildi,Juan Forlín,Badalona Futur,Badalona
cift yazim birlestirildi,Juan José Elgezabal,Bilbao Athletic,Athletic Bilbao
cift yazim birlestirildi,Juan Mena,Valencia Mestalla,Valencia
cift yazim birlestirildi,Juan Ramón,FC Barcelona lower teams,Barcelona
cift yazim birlestirildi,Juanjo Valencia,Bilbao Athletic,Athletic Bilbao
cift yazim birlestirildi,Julen Guerrero,Bilbao Athletic,Athletic Bilbao
cift yazim birlestirildi,Jules Bigot,EF Lille-Flandres,Lille
cift yazim birlestirildi,Jules Goda,Gazélec Ajaccio,Ajaccio
cift yazim birlestirildi,Julián Ruete,Madrid,Atlético Madrid
cift yazim birlestirildi,Julien Darui,EF Lille-Flandres,Lille
cift yazim birlestirildi,Julien Rantier,Pro Piacenza,Piacenza
cift yazim birlestirildi,Julio César Uribe,América de Cali,América
cift yazim birlestirildi,Julio Hernán Rossi,Neuchâtel Xamax U-21,Neuchâtel Xamax
cift yazim birlestirildi,Julio Salinas,Bilbao Athletic,Athletic Bilbao
cift yazim birlestirildi,Julius Aghahowa,Shakhtar-2 Donetsk,Shakhtar Donetsk
cift yazim birlestirildi,Junior Firpo,Real Betis,Betis
cift yazim birlestirildi,Junior Morias,Dagenham and Redbridge,Dagenham & Redbridge
cift yazim birlestirildi,Jürgen Rollmann,Werder Bremen (A),Werder Bremen
cift yazim birlestirildi,Kaan Özdemir,1922 Konyaspor,Konyaspor
cift yazim birlestirildi,Kafoumba Coulibaly,CA Bastia,Bastia
cift yazim birlestirildi,Kakha Kaladze,Dynamo-2 Kyiv,Dynamo Kyiv
cift yazim birlestirildi,Kalle Wallius,Start 2,Start
cift yazim birlestirildi,Kamran Agayev,Shafa Baku,Baku
cift yazim birlestirildi,Kamran Agayev,Inter Baku,Baku
cift yazim birlestirildi,Karl Etta Eyong,Fundación Cádiz,Cádiz
cift yazim birlestirildi,Karle Carder-Andrews,Bedfont & Feltham,Feltham
cift yazim birlestirildi,Kasey Bos,Melbourne Victory NPL,Melbourne Victory
cift yazim birlestirildi,Kaspars Gorkšs,Auda Rīga,Riga
cift yazim birlestirildi,Kassim Abdallah,Marignane Gignac,Marignane
cift yazim birlestirildi,Kassim Abdallah,Marignane GCB,Marignane
cift yazim birlestirildi,Kassim Abdallah,Athlético Marseille,Marseille
cift yazim birlestirildi,Kay Voser,Grasshopper Club U-21,Grasshopper Club
cift yazim birlestirildi,Kay Wenschlag,Werder Bremen (A),Werder Bremen
cift yazim birlestirildi,Kazimierz Deyna,San Diego Sockers (indoor),San Diego Sockers
cift yazim birlestirildi,Keith Graydon,Sunderland RCA,Sunderland
cift yazim birlestirildi,Keith Weller,Fort Lauderdale Strikers (indoor),Fort Lauderdale Strikers
cift yazim birlestirildi,Keivan Zarineh,Cisco Roma,Roma
cift yazim birlestirildi,Ken Boyes,Southampton Civil Service,Southampton
cift yazim birlestirildi,Ken Tewkesbury,Birmingham University,Birmingham
cift yazim birlestirildi,Ken Wright,West Ham United (wartime),West Ham United
cift yazim birlestirildi,Kevin Dawtry,Road-Sea Southampton,Southampton
cift yazim birlestirildi,Kévin Jacmot,Lyon Duchère,Lyon
cift yazim birlestirildi,Kevin McDonald,Dundee United,Dundee
cift yazim birlestirildi,Kévin Rimane,Borgo,Bastia-Borgo
cift yazim birlestirildi,Kevin Smith,Dundee United,Dundee
cift yazim birlestirildi,Kevin Trapp,Paris,Paris Saint-Germain
cift yazim birlestirildi,Kieran Kennedy,Macclesfield,Macclesfield Town
cift yazim birlestirildi,Kike Burgos,Bilbao Athletic,Athletic Bilbao
cift yazim birlestirildi,Kike Mateo,CF Lorca Deportiva,Lorca Deportiva
cift yazim birlestirildi,Killian Sanson,Thonon Evian,Evian
cift yazim birlestirildi,Kim Skogsrud,Sandefjord 2,Sandefjord
cift yazim birlestirildi,Kim Skogsrud,Strømmen 2,Strømmen
cift yazim birlestirildi,Kim Skogsrud,Egersund 2,Egersund
cift yazim birlestirildi,Kirill Glushchenkov,Fakel-M Voronezh,Fakel Voronezh
cift yazim birlestirildi,Kirill Glushchenkov,Pari NN-2 Nizhny Novgorod,Pari Nizhny Novgorod
cift yazim birlestirildi,Kirill Gotsuk,Yelets (amateur),Yelets
cift yazim birlestirildi,Kirill Polkhovskiy,Malorita,Dinamo Malorita
cift yazim birlestirildi,Kirill Shreitor,Nadezhda Baranovichi Raion,Baranovichi
cift yazim birlestirildi,Kirill Tsepenkov,Dynamo-2 Brest,Dynamo Brest
cift yazim birlestirildi,Kirill Tsepenkov,Dinamo-2 Minsk,Dinamo Minsk
cift yazim birlestirildi,Kiryl Pyachenin,Krylia Sovetov-2 Samara,Krylia Sovetov Samara
cift yazim birlestirildi,Klodian Duro,Partizani Tirana,Tirana
cift yazim birlestirildi,Konstantin Rudenok,Bumprom Gomel,Gomel
cift yazim birlestirildi,Konstantinos Koulierakis,AS Roma,Roma
cift yazim birlestirildi,Kristoffer Klaesson,Vålerenga 2,Vålerenga
cift yazim birlestirildi,Kristoffer Peterson,FC Utrecht,Utrecht
cift yazim birlestirildi,Krisztián Németh,Olympiacos Volos,Olympiacos
cift yazim birlestirildi,Lachlan Brook,Adelaide United NPL,Adelaide United
cift yazim birlestirildi,Lalaïna Nomenjanahary,Paris 13 Atletico,Paris
cift yazim birlestirildi,Lamine Sakho,Consolat Marseille,Marseille
cift yazim birlestirildi,Lance Carr,South Liverpool,Liverpool
cift yazim birlestirildi,Larnell Cole,FC United of Manchester,Manchester United
cift yazim birlestirildi,László Kleinheisler,Puskás,Puskás Akadémia
cift yazim birlestirildi,Laurence Abrams,Southport Central,Southport
cift yazim birlestirildi,Laurent Merlin,Marseille Endoume,Marseille
cift yazim birlestirildi,Laurie Crown,Sunderland All Saints,Sunderland
cift yazim birlestirildi,Leandro Greco,Hellas Verona,Verona
cift yazim birlestirildi,Leandro Machado,Dynamo-2 Kyiv,Dynamo Kyiv
cift yazim birlestirildi,Lee Barnard,Stevenage Borough,Stevenage
cift yazim birlestirildi,Lelio Antoniotti,Sparta Novara,Novara
cift yazim birlestirildi,Len Carney,Liverpool University,Liverpool
cift yazim birlestirildi,Len Carney,Liverpool (wartime),Liverpool
cift yazim birlestirildi,Leon Balogun,Rangers,Queens Park Rangers
cift yazim birlestirildi,Leonardo Balerdi,AS Roma,Roma
cift yazim birlestirildi,Leonel Gancedo,River Plate PR,River Plate
cift yazim birlestirildi,Les Fridge,Inverness Thistle,Inverness Caledonian Thistle
cift yazim birlestirildi,Leslie Minter,Internazionale Napoli,Napoli
cift yazim birlestirildi,Leslie Scott,Sunderland Corporation,Sunderland
cift yazim birlestirildi,Lewis Botto,Jarrow Rangers,Jarrow
cift yazim birlestirildi,Lewwis Spence,Crystal Palace Baltimore,Crystal Palace
cift yazim birlestirildi,Li Tie,Liaoning,Liaoning Whowin
cift yazim birlestirildi,Lică Nunweiller,Dinamo Obor București,Dinamo București
cift yazim birlestirildi,Lilian Nalis,CA Bastia,Bastia
cift yazim birlestirildi,Lionel Justier,Paris,Paris Saint-Germain
cift yazim birlestirildi,Logi Tómasson,Strømsgodset 2,Strømsgodset
cift yazim birlestirildi,Loïc Abenzoar,AS Lyon-Duchère,Lyon
cift yazim birlestirildi,Lope Peña,Madrid,Real Madrid
cift yazim birlestirildi,Loren Morón,Atlético Marbella,Marbella
cift yazim birlestirildi,Lorenz Hilkes,San Diego Sockers (indoor),San Diego Sockers
cift yazim birlestirildi,Lorenzo Lucca,Atletico Torino,Torino
cift yazim birlestirildi,Lorenzo Pellegrini,AS Roma,Roma
cift yazim birlestirildi,Lorenzo Squizzi,Atletico Catania,Catania
cift yazim birlestirildi,Lorenzo Vasco,Roma City,Roma
cift yazim birlestirildi,Loris Palazzo,Andria,Fidelis Andria
cift yazim birlestirildi,Louis Floch,Paris,Paris Saint-Germain
cift yazim birlestirildi,Louis Ngwat-Mahop,Red Bull Salzburg Juniors,Red Bull Salzburg
cift yazim birlestirildi,Louis Ngwat-Mahop,SCR Altach Juniors,SCR Altach
cift yazim birlestirildi,Luca Altomare,Fortitudo Cosenza,Cosenza
cift yazim birlestirildi,Luca Ferri,Cisco Roma,Roma
cift yazim birlestirildi,Luca Verna,Virtus Lanciano,Lanciano
cift yazim birlestirildi,Luciano Spinosi,Tevere Roma,Roma
cift yazim birlestirildi,Lucien Troupel,EF Marseille-Provence,Marseille
cift yazim birlestirildi,Ludovic Golliard,Besançon RC,Besançon
cift yazim birlestirildi,Ludovic Golliard,Besançon Football,Besançon
cift yazim birlestirildi,Ludovic Liron,Stade de Reims,Stade Reims
cift yazim birlestirildi,Ludwig Norbert,CEP Lorient,Lorient
cift yazim birlestirildi,Luigi Cevenini,Peloro Messina,Messina
cift yazim birlestirildi,Luigi Pieroni,Liège,Standard Liège
cift yazim birlestirildi,Luigi Raffin,Juventina Palermo,Palermo
cift yazim birlestirildi,Luis Belaunde,Athletic de Madrid,Madrid
cift yazim birlestirildi,Luis Bergareche,Arenas de Getxo,Getxo
cift yazim birlestirildi,Luis de la Fuente,Bilbao Athletic,Athletic Bilbao
cift yazim birlestirildi,Luis María Zugazaga,Bilbao Athletic,Athletic Bilbao
cift yazim birlestirildi,Luis Prieto,Bilbao Athletic,Athletic Bilbao
cift yazim birlestirildi,Luiz Gustavo,Corinthians Alagoano,Corinthians
cift yazim birlestirildi,Luiz Henrique,Nacional SP,Nacional
cift yazim birlestirildi,Luiz Henrique de Souza Santos,Nacional SP,Nacional
cift yazim birlestirildi,Luke Robinson,Bognor Regis Town (joint registration),Bognor Regis Town
cift yazim birlestirildi,Luke Robinson,Whitehawk (joint registration),Whitehawk
cift yazim birlestirildi,Maheta Molango,UB Conquense,Conquense
cift yazim birlestirildi,Maksim Artemchuk,Baltika-BFU Kaliningrad,Baltika Kaliningrad
cift yazim birlestirildi,Malcolm Waldron,Road-Sea Southampton,Southampton
cift yazim birlestirildi,Malcom Adu Ares,Bilbao Athletic,Athletic Bilbao
cift yazim birlestirildi,Malky MacDonald,Kilmarnock (guest),Kilmarnock
cift yazim birlestirildi,Mamadou Bah,Vauban Strasbourg,Strasbourg
cift yazim birlestirildi,Mamadou Mbacke,Los Angeles FC 2,Los Angeles
cift yazim birlestirildi,Manfred Schwabl,Bayern Munich (A),Bayern Munich
cift yazim birlestirildi,Manny Andruszewski,Tampa Bay Rowdies (indoor),Tampa Bay Rowdies
cift yazim birlestirildi,Manolín Bueno,Balón Cádiz,Cádiz
cift yazim birlestirildi,Manolo,Ciudad Murcia,Murcia
cift yazim birlestirildi,Manolo,UCAM Murcia,Murcia
cift yazim birlestirildi,Manolo,Racing Murcia,Murcia
cift yazim birlestirildi,Manu,CD Ourense,Ourense
cift yazim birlestirildi,Manu Hervás,Admira Wacker (A),Admira Wacker
cift yazim birlestirildi,Manu Koné,AS Roma,Roma
cift yazim birlestirildi,Manuel Alepuz,Athletic de Castellón,Castellón
cift yazim birlestirildi,Manuel Posada,Madrid,Real Madrid
cift yazim birlestirildi,Manuel Sarabia,Bilbao Athletic,Athletic Bilbao
cift yazim birlestirildi,Manuel Vallarino,Español de Madrid,Madrid
cift yazim birlestirildi,Manuel Yarza,Club Español de Madrid,Madrid
cift yazim birlestirildi,Marc Bartra,Real Betis,Betis
cift yazim birlestirildi,Marc Kienle,VfB Stuttgart (A),VfB Stuttgart
cift yazim birlestirildi,Marc Roca,Real Betis,Betis
cift yazim birlestirildi,Marcel Defalco,Marseille Endoume,Marseille
cift yazim birlestirildi,Marcel Heller,SV Darmstadt 98,Darmstadt 98
cift yazim birlestirildi,Marcelinho Paraíba,Grêmio Barueri,Grêmio
cift yazim birlestirildi,Marcelo Méndez,Independiente Rivadavia,Independiente
cift yazim birlestirildi,Marcelo Vita,União Bandeirante,Bandeirante
cift yazim birlestirildi,Marciano Vink,Ajax Cape Town,Ajax
cift yazim birlestirildi,Marco Ambrosio,Prato (co-ownership),Prato
cift yazim birlestirildi,Marco Bode,Werder Bremen (A),Werder Bremen
cift yazim birlestirildi,Marco Boogers,RKC,RKC Waalwijk
cift yazim birlestirildi,Marco Da Graca,Juventus Next Gen (res.),Juventus Next Gen
cift yazim birlestirildi,Marco Rosafio,ACR Messina,Messina
cift yazim birlestirildi,Marco Streller,Concordia Basel,Basel
cift yazim birlestirildi,Marco Zamboni,ASD Sona,Sona
cift yazim birlestirildi,Marcos Alonso,Celta Vigo,Celta
cift yazim birlestirildi,Marcos Pérez,Ciudad Lucena,Lucena
cift yazim birlestirildi,Marcos Pérez,Ciudad de Lucena,Lucena
cift yazim birlestirildi,Marcus Gayle,AFC Wimbledon,Wimbledon
cift yazim birlestirildi,Marcus Mathisen,St. Pauli,FC St. Pauli
cift yazim birlestirildi,Marek Lemsalu,Eesti Tööstus/Flora,Flora
cift yazim birlestirildi,Marián Kello,FC Košice,1. FC Košice
cift yazim birlestirildi,Marians Pahars,Skonto-Metāls,Skonto
cift yazim birlestirildi,Mario Bermejo,Bilbao Athletic,Athletic Bilbao
cift yazim birlestirildi,Mario De Micheli,Fortitudo Roma,Roma
cift yazim birlestirildi,Mario Giralt,Club Español de Madrid,Madrid
cift yazim birlestirildi,Mario Hermoso,AS Roma,Roma
cift yazim birlestirildi,Mario Kirev,Poli Timişoara,ACS Poli Timișoara
cift yazim birlestirildi,Mario Mongelli,Paris,Paris Saint-Germain
cift yazim birlestirildi,Mario Santana,Athletic Club Palermo,Palermo
cift yazim birlestirildi,Marius Larsen,Odd 2,Odd
cift yazim birlestirildi,Mark Falco,Rangers,Queens Park Rangers
cift yazim birlestirildi,Mark Fotheringham,Dundee United,Dundee
cift yazim birlestirildi,Mark Hateley,Rangers,Queens Park Rangers
cift yazim birlestirildi,Mark Jackson,Farsley,Farsley Celtic
cift yazim birlestirildi,Mark Lindsay,Tampa Bay Rowdies (indoor),Tampa Bay Rowdies
cift yazim birlestirildi,Mark Lindsay,Houston Hurricane (indoor),Houston Hurricane
cift yazim birlestirildi,Mark Lindsay,California Surf (indoor),California Surf
cift yazim birlestirildi,Mark Lindsay,Jacksonville Tea Men (indoor),Jacksonville Tea Men
cift yazim birlestirildi,Mark Robertson,Sydney United,Sydney
cift yazim birlestirildi,Mark Strudal,Næstved IF,Næstved
cift yazim birlestirildi,Markel Susaeta,Bilbao Athletic,Athletic Bilbao
cift yazim birlestirildi,Marko Farji,Strømsgodset 2,Strømsgodset
cift yazim birlestirildi,Markus Beierle,VfB Stuttgart (A),VfB Stuttgart
cift yazim birlestirildi,Markus Dworrak,1. FC Köln (A),1. FC Köln
cift yazim birlestirildi,Markus Karlsbakk,Aalesund 2,Aalesund
cift yazim birlestirildi,Markus Karlsbakk,Raufoss 2,Raufoss
cift yazim birlestirildi,Markus Obernosterer,Wacker Innsbruck (A),Wacker Innsbruck
cift yazim birlestirildi,Marlon Beresford,Middlesbrough Supporters South,Middlesbrough
cift yazim birlestirildi,Mart Poom,Lõvid/Flora,Flora
cift yazim birlestirildi,Marten de Roon,AS Roma,Roma
cift yazim birlestirildi,Martin Dahlin,Borussia Mönchengladbach<br />,Borussia Mönchengladbach
cift yazim birlestirildi,Martin Hayes,Collier Row & Romford,Romford
cift yazim birlestirildi,Martin Hinteregger,Red Bull Salzburg Juniors,Red Bull Salzburg
cift yazim birlestirildi,Martin Ødegaard,Strømsgodset 3,Strømsgodset
cift yazim birlestirildi,Martin Ødegaard,Strømsgodset 2,Strømsgodset
cift yazim birlestirildi,Martin Samuelsen,FK Haugesund,Haugesund
cift yazim birlestirildi,Marvin Gakpa,Paris 13 Atletico,Paris
cift yazim birlestirildi,Maryan Synakowski,Sedan-Torcy,Sedan
cift yazim birlestirildi,Masashi Oguro,Yokohama,Yokohama F. Marinos
cift yazim birlestirildi,Massimiliano Pesenti,Pro Piacenza,Piacenza
cift yazim birlestirildi,Mathias Løvik,Molde 2,Molde
cift yazim birlestirildi,Mathieu Duhamel,Quevilly,Quevilly-Rouen
cift yazim birlestirildi,Mathieu Duhamel,Quevilly-Rouen,Rouen
cift yazim birlestirildi,Mathieu Maton,US Marquette-Lez-Lille,Lille
cift yazim birlestirildi,Mathieu Robail,CA Bastia,Bastia
cift yazim birlestirildi,Matías Masiero,Cerro Largo,Cerro
cift yazim birlestirildi,Matías Soulé,AS Roma,Roma
cift yazim birlestirildi,Matt Lowton,Sheffield,Sheffield United
cift yazim birlestirildi,Matt Miazga,FC Cincinnati 2,FC Cincinnati
cift yazim birlestirildi,Matteo Abbate,Pro Piacenza,Piacenza
cift yazim birlestirildi,Matteo Bachini,Stabia,Juve Stabia
cift yazim birlestirildi,Matteo Barzotti,Caratese,Folgore Caratese
cift yazim birlestirildi,Matteo Franchetti,Virtus Verona,Verona
cift yazim birlestirildi,Matteo Lavelli,Inter Milan Under-23,Inter Milan
cift yazim birlestirildi,Matteo Prandelli,Flaminia Civita Castellana,Castellana
cift yazim birlestirildi,Matteo Scapini,Virtus Verona,Verona
cift yazim birlestirildi,Matteo Spinaccè,Inter Milan Under-23,Inter Milan
cift yazim birlestirildi,Matthew Broughton,Grantham Avenue,Grantham
cift yazim birlestirildi,Matthew Spring,Hitchin Town (dual registration),Hitchin Town
cift yazim birlestirildi,Matthias Hamann,Bayern Munich (A),Bayern Munich
cift yazim birlestirildi,Matthieu Bochu,Florentia Viola/Fiorentina,Fiorentina
cift yazim birlestirildi,Mattia Sandrini,Real Vicenza,Vicenza
cift yazim birlestirildi,Matty Lochhead,Beith Hibernians,Beith
cift yazim birlestirildi,Matty Lochhead,Beith Athletic,Beith
cift yazim birlestirildi,Matvey Safonov,Krasnodar-2,Krasnodar
cift yazim birlestirildi,Mauro Boselli,Estudiantes de LP,Estudiantes
cift yazim birlestirildi,Mauro Esposito,Atletico Roma,Roma
cift yazim birlestirildi,Max Eberl,Bayern Munich (A),Bayern Munich
cift yazim birlestirildi,Maximiliano Cantera,Atlético Nacional,Nacional
cift yazim birlestirildi,Máximo Aylagas,Barcelona (veterans),Barcelona
cift yazim birlestirildi,Mehdi Mahdavikia,Hamburger SV Amateure,Hamburger SV
cift yazim birlestirildi,Mehmet Akyüz,Hacettepe 1945 SK,Hacettepe
cift yazim birlestirildi,Mehmet Ali Büyüksayar,1922 Konyaspor,Konyaspor
cift yazim birlestirildi,Mehmet Çakır,Gençlerbirliği OFTAŞ,Gençlerbirliği
cift yazim birlestirildi,Mehmet Sak,Bucaspor 1928,Bucaspor
cift yazim birlestirildi,Mehmet Scholl,Karlsruher SC (A),Karlsruher SC
cift yazim birlestirildi,Mert Kömür,Augsburg,FC Augsburg
cift yazim birlestirildi,Michaël Chrétien Basser,Villers-les-Nancy,Nancy
cift yazim birlestirildi,Michael Hecht,Bayern Munich (A),Bayern Munich
cift yazim birlestirildi,Michael Lea,Hyde,Hyde United
cift yazim birlestirildi,Michael Pedersen,Esbjerg,Esbjerg fB
cift yazim birlestirildi,Michael Probst,Bayern Munich (A),Bayern Munich
cift yazim birlestirildi,Michael Rangel,Alianza,Alianza Petrolera
cift yazim birlestirildi,Michał Karbownik,Başakşehir,İstanbul Başakşehir
cift yazim birlestirildi,Michel Bensoussan,Paris,Paris Saint-Germain
cift yazim birlestirildi,Michel Prost,Paris,Paris Saint-Germain
cift yazim birlestirildi,Michel Sanchez,Perpignan Canet,Perpignan
cift yazim birlestirildi,Michele Fini,Porto Torres,Torres
cift yazim birlestirildi,Mick Channon,Newcastle KB United,Newcastle United
cift yazim birlestirildi,Mick O'Brien,Walker Celtic,Celtic
cift yazim birlestirildi,Mickaël Brisset,RC Paris,Paris
cift yazim birlestirildi,Mickaël Brisset,Gobelins Paris 13,Paris
cift yazim birlestirildi,Mickaël Charvet,Lyon-Duchère,Lyon
cift yazim birlestirildi,Mickaël Tacalfred,Reims Sainte-Anne,Reims
cift yazim birlestirildi,Mickey Hamill,Belfast Celtic,Celtic
cift yazim birlestirildi,Miguel Ángel Portugal,Real Burgos,Burgos
cift yazim birlestirildi,Miguel Ángel Soria,Valencia Mestalla,Valencia
cift yazim birlestirildi,Miguel de Andrés,Bilbao Athletic,Athletic Bilbao
cift yazim birlestirildi,Miguel de Valdeterrazo,Athletic de Madrid,Madrid
cift yazim birlestirildi,Miguel Escalona,Bilbao Athletic,Athletic Bilbao
cift yazim birlestirildi,Miguel Román,Celta Vigo,Celta
cift yazim birlestirildi,Miguel Sola,Bilbao Athletic,Athletic Bilbao
cift yazim birlestirildi,Mihail Litvinchuk,Dinamo-2 Brest,Dinamo Brest
cift yazim birlestirildi,Mihail Litvinchuk,Lokomotiv Minsk,Minsk
cift yazim birlestirildi,Mike Mahoney,California Surf (indoor),California Surf
cift yazim birlestirildi,Mikel Dañobeitia,Bilbao Athletic,Athletic Bilbao
cift yazim birlestirildi,Mikel Jauregizar,Bilbao Athletic,Athletic Bilbao
cift yazim birlestirildi,Mikel Kortina,Bilbao Athletic,Athletic Bilbao
cift yazim birlestirildi,Mikel Lasa,Ciudad Murcia,Murcia
cift yazim birlestirildi,Mikel Vesga,Bilbao Athletic,Athletic Bilbao
cift yazim birlestirildi,Mikhail Kolyadko,Smena Minsk,Minsk
cift yazim birlestirildi,Mikhail Kolyadko,Krumkachy Minsk,Minsk
cift yazim birlestirildi,Mikita Bukatkin,Isloch Minsk Raion,Minsk
cift yazim birlestirildi,Mikita Bukatkin,SDYuShOR BFSO Dinamo Minsk,Minsk
cift yazim birlestirildi,Mikkel Rakneberg,Ull/Kisa 2,Ull/Kisa
cift yazim birlestirildi,Mikkel Rakneberg,Kristiansund 2,Kristiansund
cift yazim birlestirildi,Miku,Ciudad Murcia,Murcia
cift yazim birlestirildi,Milan Fukal,FK Jablonec 97,FK Jablonec
cift yazim birlestirildi,Milan Mitrović,Milutinac Zemun,Zemun
cift yazim birlestirildi,Mile Svilar,AS Roma,Roma
cift yazim birlestirildi,Miran Pavlin,Olimpija,Olimpija Ljubljana
cift yazim birlestirildi,Mirsad Brunčević,FK Tutin,Tutin
cift yazim birlestirildi,Mithat Pala,Rizespor,Çaykur Rizespor
cift yazim birlestirildi,Modibo Sagnan,Rizespor,Çaykur Rizespor
cift yazim birlestirildi,Modou Kéba Cissé,LASK Amateur OÖ,LASK
cift yazim birlestirildi,Mohamed Abdelmonem,OGC Nice,Nice
cift yazim birlestirildi,Mohamed Bettamer,Kingsbury London Tigers,London Tigers
cift yazim birlestirildi,Mohamed Coly,Crociati Parma,Parma
cift yazim birlestirildi,Mohamed Dräger,SC Freiburg U17,SC Freiburg
cift yazim birlestirildi,Mohamed Touré,Adelaide United NPL,Adelaide United
cift yazim birlestirildi,Mohammed Abu,Strømsgodset 2,Strømsgodset
cift yazim birlestirildi,Mohammed Abu,Vålerenga 2,Vålerenga
cift yazim birlestirildi,Moïse Bombito,Colorado Rapids 2,Colorado Rapids
cift yazim birlestirildi,Morgaro Gomis,Kelantan United,Kelantan
cift yazim birlestirildi,Moris Carrozzieri,Città di Giulianova,Giulianova
cift yazim birlestirildi,Mory Bamba,Roma City,Roma
cift yazim birlestirildi,Mourad Benhamida,Lyon Duchère,Lyon
cift yazim birlestirildi,Mourad Benhamida,FC Lyon,Lyon
cift yazim birlestirildi,Moussa Diakité,Rizespor,Çaykur Rizespor
cift yazim birlestirildi,Muhammed Akarslan,Fenerbahçe A2,Fenerbahçe
cift yazim birlestirildi,Muhammed Şengezer,Başakşehir,İstanbul Başakşehir
cift yazim birlestirildi,Muharrem Sahiti,SC Gjilani,Gjilani
cift yazim birlestirildi,Mukhammadali Urinboev,Young Reds Antwerp,Antwerp
cift yazim birlestirildi,Murat Akça,Galatasaray A2,Galatasaray
cift yazim birlestirildi,Mustafa Cevahir,Fenerbahçe A2,Fenerbahçe
cift yazim birlestirildi,Mustafa Yumlu,BB Erzurumspor,Erzurumspor
cift yazim birlestirildi,Mykola Morozyuk,Dynamo-2 Kyiv,Dynamo Kyiv
cift yazim birlestirildi,Mykola Morozyuk,Dynamo-3 Kyiv,Dynamo Kyiv
cift yazim birlestirildi,Nabil Taïder,Toulouse Rodéo,Toulouse
cift yazim birlestirildi,Nabil Taïder,ND Gorica,Gorica
cift yazim birlestirildi,Nahuel Molina,AS Roma,Roma
cift yazim birlestirildi,Nano Mesa,Real Unión de Tenerife,Tenerife
cift yazim birlestirildi,Natan,Real Betis,Betis
cift yazim birlestirildi,Nathanaël Mbuku,Augsburg,FC Augsburg
cift yazim birlestirildi,Nazzareno Celestini,Tirrenia Roma,Roma
cift yazim birlestirildi,Nectarios Triantis,Western Sydney Wanderers NPL,Western Sydney Wanderers
cift yazim birlestirildi,Ned Allen,Montrose Renown,Montrose
cift yazim birlestirildi,Ned Allen,Montrose Albert,Montrose
cift yazim birlestirildi,Ned Allen,Montrose Temperance Athletic,Montrose
cift yazim birlestirildi,Ned Allen,Dundee Executive,Dundee
cift yazim birlestirildi,Ned Allen,Dundee Wanderers,Dundee
cift yazim birlestirildi,Nediljko Labrović,Augsburg,FC Augsburg
cift yazim birlestirildi,Neil Grewcock,Burnley Bank Hall,Burnley
cift yazim birlestirildi,Neil Ross,FC Halifax Town,Halifax Town
cift yazim birlestirildi,Neil Sullivan,AFC Wimbledon,Wimbledon
cift yazim birlestirildi,Neil Tarrant,Darlington Railway Athletic,Darlington
cift yazim birlestirildi,Nelson Deossa,Real Betis,Betis
cift yazim birlestirildi,Néstor Araujo,Cruz Azul Hidalgo,Cruz Azul
cift yazim birlestirildi,Nevin Saroya,Yeading,Hayes & Yeading United
cift yazim birlestirildi,Nevio Scala,Milan,Inter Milan
cift yazim birlestirildi,Nialle Rodney,Ilkeston,Ilkeston Town
cift yazim birlestirildi,Nick Carle,Sydney Olympic,Sydney
cift yazim birlestirildi,Nick Culkin,FC United of Manchester,Manchester United
cift yazim birlestirildi,Nick Pope,Team Bury,Bury
cift yazim birlestirildi,Nick Pope,Bury Town,Bury
cift yazim birlestirildi,Nick Proschwitz,SC Paderborn 07,SC Paderborn
cift yazim birlestirildi,Nico Frommer,VfB Stuttgart (A),VfB Stuttgart
cift yazim birlestirildi,Nico Serrano,Bilbao Athletic,Athletic Bilbao
cift yazim birlestirildi,Nico Williams,Bilbao Athletic,Athletic Bilbao
cift yazim birlestirildi,Nicola Belmonte,Robur Siena,Siena
cift yazim birlestirildi,Nicola Piras,US Darfo Boario,Darfo Boario
cift yazim birlestirildi,Nicola Russo,A.S.G. Nocerina,Nocerina
cift yazim birlestirildi,Nicolaj Thomsen,Vålerenga 2,Vålerenga
cift yazim birlestirildi,Nicolás Domingo,Arsenal Sarandí,Arsenal de Sarandí
cift yazim birlestirildi,Nicolas Mirza,Paris,Paris Saint-Germain
cift yazim birlestirildi,Nicolas Priet,Lyon-Duchère,Lyon
cift yazim birlestirildi,Nicolas Seguin,Lyon La Duchère B,Lyon B
cift yazim birlestirildi,Nicolò Palazzolo,Città di Varese,Varese
cift yazim birlestirildi,Nigel Spackman,Rangers,Queens Park Rangers
cift yazim birlestirildi,Niko Kranjčar,Rangers,Queens Park Rangers
cift yazim birlestirildi,Nikolaj Kirk,Stabæk 2,Stabæk
cift yazim birlestirildi,Nikoloz Ugrekhelidze,Dinamo-2 Tbilisi,Dinamo Tbilisi
cift yazim birlestirildi,Noel Hunt,Waterford United,Waterford
cift yazim birlestirildi,Norman Tapken,Newcastle United (guest),Newcastle United
cift yazim birlestirildi,Norman Tapken,Darlington (guest),Darlington
cift yazim birlestirildi,Odaïr Fortes,Reims Sainte-Anne,Reims
cift yazim birlestirildi,Oğulcan Çağlayan,Gazişehir Gaziantep,Gaziantep
cift yazim birlestirildi,Oğuz Aydın,Bucaspor 1928,Bucaspor
cift yazim birlestirildi,Oğuz Sabankay,Galatasaray A2,Galatasaray
cift yazim birlestirildi,Oier Zarraga,Bilbao Athletic,Athletic Bilbao
cift yazim birlestirildi,Oihan Sancet,Bilbao Athletic,Athletic Bilbao
cift yazim birlestirildi,Okan Deniz,Bursaspor A2,Bursaspor
cift yazim birlestirildi,Oleh Luzhnyi,Dynamo-2 Kyiv,Dynamo Kyiv
cift yazim birlestirildi,Oleksandr Byelyayev,Dnipro,Dnipro-1
cift yazim birlestirildi,Oleksandr Hladkyi,Metalist-2 Kharkiv,Metalist Kharkiv
cift yazim birlestirildi,Oleksandr Hladkyi,Kharkiv,Metalist Kharkiv
cift yazim birlestirildi,Oleksandr Karavayev,Shakhtar-3 Donetsk,Shakhtar Donetsk
cift yazim birlestirildi,Oleksandr Kucher,Metalurh-2 Donetsk,Metalurh Donetsk
cift yazim birlestirildi,Oleksandr Miroshnychenko,Shakhtar-3 Donetsk,Shakhtar Donetsk
cift yazim birlestirildi,Oleksandr Miroshnychenko,Shakhtar-2 Donetsk,Shakhtar Donetsk
cift yazim birlestirildi,Oleksandr Noyok,Shakhtar-3 Donetsk,Shakhtar Donetsk
cift yazim birlestirildi,Oleksandr Papush,Illichivets-2 Mariupol,Illichivets Mariupol
cift yazim birlestirildi,Oleksandr Rybka,Dynamo-3 Kyiv,Dynamo Kyiv
cift yazim birlestirildi,Oleksandr Rybka,Dynamo-2 Kyiv,Dynamo Kyiv
cift yazim birlestirildi,Oleksandr Yakovenko,Metalist-2 Kharkiv,Metalist Kharkiv
cift yazim birlestirildi,Oleksandr Zabara,Chornomorets-2 Odesa,Chornomorets Odesa
cift yazim birlestirildi,Oleksiy Byelik,Shakhtar-2 Donetsk,Shakhtar Donetsk
cift yazim birlestirildi,Oleksiy Khoblenko,Dynamo-2 Kyiv,Dynamo Kyiv
cift yazim birlestirildi,Oliver Freund,Werder Bremen (A),Werder Bremen
cift yazim birlestirildi,Olivier Bellisi,Lyon Duchère,Lyon
cift yazim birlestirildi,Olivier Kemen,Başakşehir,İstanbul Başakşehir
cift yazim birlestirildi,Olivier Pantaloni,Gazélec Ajaccio,Ajaccio
cift yazim birlestirildi,Olivier Rouyer,FC Strasbourg K 06,Strasbourg
cift yazim birlestirildi,Oliviero Zega,Avia Roma,Roma
cift yazim birlestirildi,Oliviero Zega,Alba Ala Roma,Roma
cift yazim birlestirildi,Omar da Fonseca,Paris,Paris Saint-Germain
cift yazim birlestirildi,Omero Carmellini,Alba Roma,Roma
cift yazim birlestirildi,Onur Bulut,Başakşehir,İstanbul Başakşehir
cift yazim birlestirildi,Onur Ergün,Başakşehir,İstanbul Başakşehir
cift yazim birlestirildi,Onur Tuncer,Fenerbahçe PAF,Fenerbahçe
cift yazim birlestirildi,Orlando Suárez,Universidad de Las Palmas,Las Palmas
cift yazim birlestirildi,Osarimen Ebagua,Città di Varese,Varese
cift yazim birlestirildi,Óscar de Marcos,Bilbao Athletic,Athletic Bilbao
cift yazim birlestirildi,Óscar Rubio,Lleida Esportiu,Lleida
cift yazim birlestirildi,Óscar Tabuenka,Bilbao Athletic,Athletic Bilbao
cift yazim birlestirildi,Óscar Vales,Bilbao Athletic,Athletic Bilbao
cift yazim birlestirildi,Oskar Drobne,MU Šentjur,Šentjur
cift yazim birlestirildi,Osman Kürşat Duman,Fenerbahçe PAF,Fenerbahçe
cift yazim birlestirildi,Osman Sow,Dundee United,Dundee
cift yazim birlestirildi,Oswaldo Alanís,Tecos UAG Primera A,Tecos
cift yazim birlestirildi,Otar Khizaneishvili,Spartak-2 Moscow,Spartak Moscow
cift yazim birlestirildi,Otello Trombetta,Savoia Roma,Roma
cift yazim birlestirildi,Otello Trombetta,Alba Roma,Roma
cift yazim birlestirildi,Otello Trombetta,Tirrenia Roma,Roma
cift yazim birlestirildi,Othniel Dossevi,Paris,Paris Saint-Germain
cift yazim birlestirildi,Ousseynou Ba,Başakşehir,İstanbul Başakşehir
cift yazim birlestirildi,Ozan Evrim Özenç,Denizlispor A2,Denizlispor
cift yazim birlestirildi,Ömer Ali Şahiner,Başakşehir,İstanbul Başakşehir
cift yazim birlestirildi,Pablo Durán,Celta Vigo,Celta
cift yazim birlestirildi,Pablo Fornals,Real Betis,Betis
cift yazim birlestirildi,Pablo Lemmel,Madrid,Atlético Madrid
cift yazim birlestirildi,Paco Esteban,Granada 74,Granada
cift yazim birlestirildi,Paco Fernández,Torre Levante,Levante
cift yazim birlestirildi,Paddy Sloan,Manchester United (guest),Manchester United
cift yazim birlestirildi,Paddy Sloan,Bath City (guest),Bath City
cift yazim birlestirildi,Paolo Baldieri,CityModa Lecce,Lecce
cift yazim birlestirildi,Paolo Borelli,Banco di Roma,Roma
cift yazim birlestirildi,Paolo Carbonaro,Lamezia,Vigor Lamezia
cift yazim birlestirildi,Paolo Monelli,Cantalupo Monza,Monza
cift yazim birlestirildi,Paolo Tornaghi,Vancouver Whitecaps FC U-23,Vancouver Whitecaps
cift yazim birlestirildi,Pascual Donat,Sevilla Atlético,Sevilla
cift yazim birlestirildi,Pat McMahon,Atlanta Chiefs (indoor),Atlanta Chiefs
cift yazim birlestirildi,Pato Margetic,Detroit Express (indoor),Detroit Express
cift yazim birlestirildi,Pato Margetic,Chicago Sting (indoor),Chicago Sting
cift yazim birlestirildi,Patrick Farrell,Belfast Celtic,Celtic
cift yazim birlestirildi,Patxi Ferreira,Bilbao Athletic,Athletic Bilbao
cift yazim birlestirildi,Patxi Salinas,Bilbao Athletic,Athletic Bilbao
cift yazim birlestirildi,Paul Bennett,Road-Sea Southampton,Southampton
cift yazim birlestirildi,Paul Cannell,Memphis Rogues (indoor),Memphis Rogues
cift yazim birlestirildi,Paul Child,Atlanta Chiefs (indoor),Atlanta Chiefs
cift yazim birlestirildi,Paul Child,San Jose Earthquakes (indoor),San Jose Earthquakes
cift yazim birlestirildi,Paul Codrea,ASU Politehnica Timișoara,Politehnica Timișoara
cift yazim birlestirildi,Paul Hammond,Seattle Sounders (indoor),Seattle Sounders
cift yazim birlestirildi,Paul Hammond,Toronto Blizzard (NSL),Toronto Blizzard
cift yazim birlestirildi,Paul Imke,Frankfurter FV / Eintracht Frankfurt,Eintracht Frankfurt
cift yazim birlestirildi,Paul Shrubb,Aldershot,Aldershot Town
cift yazim birlestirildi,Paul Went,Orient,Leyton Orient
cift yazim birlestirildi,Paulo Costa,Aris Limassol,Aris
cift yazim birlestirildi,Paulo Dybala,AS Roma,Roma
cift yazim birlestirildi,Pavel Drsek,Lokomotiva Kladno,Kladno
cift yazim birlestirildi,Pavel Nazarenko,Minsk,Dinamo Minsk
cift yazim birlestirildi,Pedro Botelho,Rio Branco-ES,Rio Branco
cift yazim birlestirildi,Peio Canales,Bilbao Athletic,Athletic Bilbao
cift yazim birlestirildi,Pepe Gálvez,Calvià,Platges de Calvià
cift yazim birlestirildi,Peral,Real Betis Cantera,Real Betis
cift yazim birlestirildi,Percy Hill,Southampton Cambridge,Southampton
cift yazim birlestirildi,Perica Ognjenović,Dynamo-2 Kyiv,Dynamo Kyiv
cift yazim birlestirildi,Perico Larrañaga,Athletic Club de Portugalete,Athletic Club
cift yazim birlestirildi,Peru Nolaskoain,Bilbao Athletic,Athletic Bilbao
cift yazim birlestirildi,Pessalli,Grêmio Barueri,Grêmio
cift yazim birlestirildi,Peter Amoran,IFK Östersund Ungdom,IFK Östersund
cift yazim birlestirildi,Peter Gavigan,Dundee United,Dundee
cift yazim birlestirildi,Peter Gruber,Dallas Tornado (indoor),Dallas Tornado
cift yazim birlestirildi,Peter Gruber,Chicago Sting (indoor),Chicago Sting
cift yazim birlestirildi,Peter McKennan,West Bromwich Albion (guest),West Bromwich Albion
cift yazim birlestirildi,Peter McKennan,Brentford (guest),Brentford
cift yazim birlestirildi,Peter Meehan,Broxburn Emmett,Broxburn
cift yazim birlestirildi,Peter Meehan,Broxburn Shamrock,Broxburn
cift yazim birlestirildi,Peter Nogly,Tampa Bay Rowdies (indoor),Tampa Bay Rowdies
cift yazim birlestirildi,Peter O'Rourke,Mossend Celtic,Celtic
cift yazim birlestirildi,Peter Proudfoot,Wishaw United,Wishaw
cift yazim birlestirildi,Peter Robertson,Dundee United,Dundee
cift yazim birlestirildi,Peter Simpson,Toronto Italia Falcons,Toronto Falcons
cift yazim birlestirildi,Peter Sirch,1860 Munich (A),1860 Munich
cift yazim birlestirildi,Peter Sirch,Bayern Munich (A),Bayern Munich
cift yazim birlestirildi,Peter Sutcliffe,Chester City,Chester
cift yazim birlestirildi,Peter Turnbull,Rangers,Queens Park Rangers
cift yazim birlestirildi,Phil Marsh,FC United of Manchester,Manchester United
cift yazim birlestirildi,Philipp Zulechner,Odd 2,Odd
cift yazim birlestirildi,Philippe Jean,Paris,Paris Saint-Germain
cift yazim birlestirildi,Philippe Thys,Marseille Endoume,Marseille
cift yazim birlestirildi,Pierluigi Gollini,AS Roma,Roma
cift yazim birlestirildi,Pierre Vignaud,Grand-Quevilly,Quevilly
cift yazim birlestirildi,Pierrick Lebourg,Quevilly-Rouen,Rouen
cift yazim birlestirildi,Pietro Arcidiacono,ACR Messina,Messina
cift yazim birlestirildi,Pietro Pastore,Vigili Fuoco Roma,Roma
cift yazim birlestirildi,Pietro Serantoni,Ferrovieri Venezia,Venezia
cift yazim birlestirildi,Piti,AEL,AEL Limassol
cift yazim birlestirildi,Pizo Gómez,Bilbao Athletic,Athletic Bilbao
cift yazim birlestirildi,Plácido Álvarez-Buylla,Español de Madrid,Madrid
cift yazim birlestirildi,Predrag Ocokoljić,Shakhtar-2 Donetsk,Shakhtar Donetsk
cift yazim birlestirildi,Qazim Laçi,Rizespor,Çaykur Rizespor
cift yazim birlestirildi,Rachid Arma,LR Vicenza,Vicenza
cift yazim birlestirildi,Rafa Gómez,Valencia Mestalla,Valencia
cift yazim birlestirildi,Rafa Santacruz,Ciudad Lucena,Lucena
cift yazim birlestirildi,Rafael Alkorta,Bilbao Athletic,Athletic Bilbao
cift yazim birlestirildi,Rafael Marques,Botafogo-SP,Botafogo
cift yazim birlestirildi,Rafael Martins,Grêmio Barueri,Grêmio
cift yazim birlestirildi,Rafael Viteri,Bilbao Athletic,Athletic Bilbao
cift yazim birlestirildi,Rafita,Ciudad Murcia,Murcia
cift yazim birlestirildi,Rainer Aigner,Bayern Munich (A),Bayern Munich
cift yazim birlestirildi,Rainer Baumann,Chemie Leipzig-West,Chemie Leipzig
cift yazim birlestirildi,Raman Vasilyuk,Minsk,Dinamo Minsk
cift yazim birlestirildi,Ramazan Isayev,Yerevan,Ararat Yerevan
cift yazim birlestirildi,Ramil Sheydayev,Zenit-2 Saint Petersburg,Zenit Saint Petersburg
cift yazim birlestirildi,Ramón de Cárdenas,Español de Madrid,Madrid
cift yazim birlestirildi,Ramón de Cárdenas,Athletic de Madrid,Madrid
cift yazim birlestirildi,Ramón de Mendizábal,Madrid,Atlético Madrid
cift yazim birlestirildi,Ramón Folch,Reus FCR,Reus
cift yazim birlestirildi,Ramón Vázquez García,Sevilla Atlético,Sevilla
cift yazim birlestirildi,Raúl Fernández,Bilbao Athletic,Athletic Bilbao
cift yazim birlestirildi,Ray Hudson,Minnesota Strikers (indoor),Minnesota Strikers
cift yazim birlestirildi,Ray Wilkins,Rangers,Queens Park Rangers
cift yazim birlestirildi,Rayk Schröder,FC Berlin,1. FC Union Berlin
cift yazim birlestirildi,Recep Niyaz,Fenerbahçe A2,Fenerbahçe
cift yazim birlestirildi,Reinhold Daschner,Bayern Munich (A),Bayern Munich
cift yazim birlestirildi,Reinhold Daschner,1. FC Köln (A),1. FC Köln
cift yazim birlestirildi,Reinhold Wosab,SpVgg Saxonia Marl,SpVgg Marl
cift yazim birlestirildi,Reinis Reinholds,FK Ventspils-2,Ventspils
cift yazim birlestirildi,Rémi Cabral,Colorado Rapids 2,Colorado Rapids
cift yazim birlestirildi,Rémi Sergio,Consolat Marseille,Marseille
cift yazim birlestirildi,Renato Biasi,Asti 152,Asti
cift yazim birlestirildi,Renato Cajá,Ferroviária-SP,Ferroviária
cift yazim birlestirildi,Renato Cipriani,A.S. Alba Roma,Roma
cift yazim birlestirildi,Renato Cipriani,Federconsorzi Roma,Roma
cift yazim birlestirildi,René Bihel,EF Lille-Flandres,Lille
cift yazim birlestirildi,Revaz Kemoklidze,Tbilisi,Dinamo Tbilisi
cift yazim birlestirildi,Rexhe Bytyçi,LASK ll,LASK
cift yazim birlestirildi,Rhys Evans,Hereford,Hereford United
cift yazim birlestirildi,Ricardo Alós,Valencia Mestalla,Valencia
cift yazim birlestirildi,Ricardo Álvarez,Racing de Madrid,Madrid
cift yazim birlestirildi,Ricardo Arrien,Bilbao Athletic,Athletic Bilbao
cift yazim birlestirildi,Ricardo Buitrago,Elche Ilicitano,Elche
cift yazim birlestirildi,Ricardo Cavas,CFI Alicante,Alicante
cift yazim birlestirildi,Ricardo Mendiguren,Bilbao Athletic,Athletic Bilbao
cift yazim birlestirildi,Ricardo Uribarri,Athletic Club de Madrid,Madrid
cift yazim birlestirildi,Riccardo Bertozzi,Pro Piacenza,Piacenza
cift yazim birlestirildi,Riccardo Fissore,Real Vicenza,Vicenza
cift yazim birlestirildi,Riccardo Gaiola,Cattolica San Marino,Cattolica
cift yazim birlestirildi,Richard Boucher,Buzichelli Toulouse,Toulouse
cift yazim birlestirildi,Richard Tiltman,Montague Athletic (Worthing),Worthing
cift yazim birlestirildi,Rijat Shala,FC Rapid Lugano,Lugano
cift yazim birlestirildi,Riley Warland,Perth Glory NPL,Perth Glory
cift yazim birlestirildi,Rinaldo Fiumi,Ausonia Spezia,Spezia
cift yazim birlestirildi,Rinaldo Fiumi,Arsenale Spezia,Spezia
cift yazim birlestirildi,Ritchie Makuma Mpasa,AC Amiens,Amiens
cift yazim birlestirildi,Rob Purdie,Hereford,Hereford United
cift yazim birlestirildi,Robbie Cooke,Grantham,Grantham Town
cift yazim birlestirildi,Robert Davidson,Belfast Celtic,Celtic
cift yazim birlestirildi,Robert Kay,Burnley Union Star,Burnley
cift yazim birlestirildi,Robert McCrae,Burnley Union Star,Burnley
cift yazim birlestirildi,Robert Orr,Clydebank Juniors,Clydebank
cift yazim birlestirildi,Robert Thomson,Falkirk Amateurs,Falkirk
cift yazim birlestirildi,Robert Trees,FC United of Manchester,Manchester United
cift yazim birlestirildi,Robert William,Barra Mansa,Barra
cift yazim birlestirildi,Roberto Crivello,Athletic Club Palermo,Palermo
cift yazim birlestirildi,Roberto Gil,Valencia Mestalla,Valencia
cift yazim birlestirildi,Roberto Punčec,Varteks / Varaždin,Varaždin
cift yazim birlestirildi,Roberto Scarnecchia,Almas Roma,Roma
cift yazim birlestirildi,Roberto Tacchini,Liberty Bari,Bari
cift yazim birlestirildi,Rodney Marsh,Tampa Bay Rowdies (indoor),Tampa Bay Rowdies
cift yazim birlestirildi,Rodrigo Beckham,Gama,Vasco da Gama
cift yazim birlestirildi,Rodrigo Defendi,Vitória de Guimarães,Vitória
cift yazim birlestirildi,Rodrigo Mora,AS Roma,Roma
cift yazim birlestirildi,Rodrigo Riquelme,Real Betis,Betis
cift yazim birlestirildi,Roger Davies,Seattle Sounders (indoor),Seattle Sounders
cift yazim birlestirildi,Roger Doughty,Newton Heath L&YR,Newton Heath
cift yazim birlestirildi,Roger Grava,EF Bordeaux-Guyenne,Bordeaux
cift yazim birlestirildi,Roger Joseph,AFC Wimbledon,Wimbledon
cift yazim birlestirildi,Rogério,Wolfsburg,VfL Wolfsburg
cift yazim birlestirildi,Rolando Zárate,Ciudad Murcia,Murcia
cift yazim birlestirildi,Romain Basque,Rouen B,Quevilly-Rouen B
cift yazim birlestirildi,Roman Grill,Bayern Munich (A),Bayern Munich
cift yazim birlestirildi,Roman Květ,Bohemians 1905,Bohemians
cift yazim birlestirildi,Roman Pavlyuchenko,Rotor-2 Volgograd,Rotor Volgograd
cift yazim birlestirildi,Roman Yaremchuk,Dynamo-2 Kyiv,Dynamo Kyiv
cift yazim birlestirildi,Roman Zozulya,Dynamo-3 Kyiv,Dynamo Kyiv
cift yazim birlestirildi,Roman Zozulya,Dynamo-2 Kyiv,Dynamo Kyiv
cift yazim birlestirildi,Romolo Alzani,Tirrenia Roma,Roma
cift yazim birlestirildi,Ron Higgins,Leyton,Leyton Orient
cift yazim birlestirildi,Ron Hornby,Rochdale St Clements,Rochdale
cift yazim birlestirildi,Ron Hornby,Rochdale (guest),Rochdale
cift yazim birlestirildi,Ronny Borchers,Eintracht Frankfurt Amateure,Eintracht Frankfurt
cift yazim birlestirildi,Rony Jansson,St. Pauli,FC St. Pauli
cift yazim birlestirildi,Rory Hamill,Bangor Swifts,Bangor
cift yazim birlestirildi,Rosario Licata,Campobello di Mazara,Mazara
cift yazim birlestirildi,Roy Cotton,St George,St George Budapest
cift yazim birlestirildi,Rubén Palomeque,Paganese (loan,Paganese
cift yazim birlestirildi,Rubén Paz,Peñarol de Artigas,Peñarol
cift yazim birlestirildi,Rubén Suárez,Torre Levante,Levante
cift yazim birlestirildi,Ruslan Malinovskyi,Shakhtar-3 Donetsk,Shakhtar Donetsk
cift yazim birlestirildi,Ruslan Malinovskyi,Sevastopol-2,Sevastopol
cift yazim birlestirildi,Ruslan Nigmatullin,Lokomotiv-2 Moscow,Lokomotiv Moscow
cift yazim birlestirildi,Ryan Green,Hereford,Hereford United
cift yazim birlestirildi,Ryan Maxwell,Redbridge,Dagenham & Redbridge
cift yazim birlestirildi,Ryan Strain,Adelaide United NPL,Adelaide United
cift yazim birlestirildi,Rydell Poepon,Ajax Amateurs,Ajax
cift yazim birlestirildi,Ryotaro Meshino,Gamba Osaka U-23,Gamba Osaka
cift yazim birlestirildi,Saba Sazonov,Zenit-2 Saint Petersburg,Zenit Saint Petersburg
cift yazim birlestirildi,Saba Sazonov,Dynamo-2 Moscow,Dynamo Moscow
cift yazim birlestirildi,Sabin Merino,Bilbao Athletic,Athletic Bilbao
cift yazim birlestirildi,Sacha Opinel,Farnborough Town,Farnborough
cift yazim birlestirildi,Saïd Mehamha,AS Lyon-Duchère,Lyon
cift yazim birlestirildi,Sajjad Shahbazzadeh,Esteghlal Khuzestan,Esteghlal
cift yazim birlestirildi,Salim Moizini,CA Bastia,Bastia
cift yazim birlestirildi,Salustiano Santos,Sevilla Amateur,Sevilla
cift yazim birlestirildi,Salvatore Ferraro,Cattolica San Marino,San Marino
cift yazim birlestirildi,Sam Adekugbe,Vancouver Whitecaps FC U-23,Vancouver Whitecaps
cift yazim birlestirildi,Sam Adekugbe,Vålerenga 2,Vålerenga
cift yazim birlestirildi,Sam Bowyer,South Liverpool,Liverpool
cift yazim birlestirildi,Sam Briddon,Brentford (guest),Brentford
cift yazim birlestirildi,Sam Gilligan,Dundee Violet,Dundee
cift yazim birlestirildi,Sam Gilligan,Dundee Hibernian,Dundee
cift yazim birlestirildi,Sam Klein,Brisbane Roar NPL,Brisbane Roar
cift yazim birlestirildi,Sam Morris,Brentford (guest),Brentford
cift yazim birlestirildi,Sam Smith,Walsall LMS,Walsall
cift yazim birlestirildi,Samba Camara,AM Neiges Le Havre,Le Havre
cift yazim birlestirildi,Samed Kaya,Menemen,Menemen Belediyespor
cift yazim birlestirildi,Samu Martínez,Lorca,Lorca Deportiva
cift yazim birlestirildi,Samuel Abel,Queens Park Rangers (Guest),Queens Park Rangers
cift yazim birlestirildi,Samuel Ashworth,Stoke Nomads,Stoke
cift yazim birlestirildi,Samuel Galindo,Petrolero,Oriente Petrolero
cift yazim birlestirildi,Samuel Galindo,Sport Boys Warnes,Sport Boys
cift yazim birlestirildi,Samuel Galindo,GV San José,San José
cift yazim birlestirildi,Samuel Pasanen,Reipas Lahti,Lahti
cift yazim birlestirildi,Samuel Shashoua,Minnesota United 2,Minnesota United
cift yazim birlestirildi,Samuele Sereni,Arezzo Gio,Arezzo
cift yazim birlestirildi,Sánchez Jara,Barcelona Amateur,Barcelona
cift yazim birlestirildi,Sandro Wieser,Basel U-21,Basel
cift yazim birlestirildi,Sandy Newbigging,Rangers,Queens Park Rangers
cift yazim birlestirildi,Santiago Bernabéu,Athletic Madrid,Madrid
cift yazim birlestirildi,Santiago Bernabéu,Madrid,Real Madrid
cift yazim birlestirildi,Santiago Castro,AS Roma,Roma
cift yazim birlestirildi,Santiago Urkiaga,Bilbao Athletic,Athletic Bilbao
cift yazim birlestirildi,Santiago Urtizberea,Real Unión/Unión Irún,Unión Irún
cift yazim birlestirildi,Sasa Radulovic,Brisbane Wolves,Wolves
cift yazim birlestirildi,Sascha Maier,VfB Stuttgart (A),VfB Stuttgart
cift yazim birlestirildi,Savaş Polat,1922 Konyaspor,Konyaspor
cift yazim birlestirildi,Scott Fraser,Dundee United,Dundee
cift yazim birlestirildi,Sean Goss,Rangers,Queens Park Rangers
cift yazim birlestirildi,Sebastián Abreu,Sol de América,América
cift yazim birlestirildi,Sebastián Abreu,Sud América,América
cift yazim birlestirildi,Sebastian Backer,Bayern Munich (A),Bayern Munich
cift yazim birlestirildi,Sebastian Hille,FC Gütersloh 2000,FC Gütersloh
cift yazim birlestirildi,Sebastjan Cimirotič,Olimpija,Olimpija Ljubljana
cift yazim birlestirildi,Sebastjan Cimirotič,Ljubljana,Olimpija Ljubljana
cift yazim birlestirildi,Seddar Karaman,1922 Konyaspor,Konyaspor
cift yazim birlestirildi,Selim Benachour,FC Martigues,Martigues
cift yazim birlestirildi,Selim Dilli,1922 Konyaspor,Konyaspor
cift yazim birlestirildi,Selton Sánchez,Bilbao Athletic,Athletic Bilbao
cift yazim birlestirildi,Sepp Weiß,Bayern Munich (A),Bayern Munich
cift yazim birlestirildi,Serdar Özbayraktar,Gençlerbirliği OFTAŞ,Gençlerbirliği
cift yazim birlestirildi,Sergei Neyman,FC Dynamo-2 Moscow,FC Dynamo Moscow
cift yazim birlestirildi,Sergei Semak,Presnya Moscow,Moscow
cift yazim birlestirildi,Sergei Semak,Asmaral-d Moscow,Asmaral Moscow
cift yazim birlestirildi,Sergei Semak,Asmaral Moscow,Moscow
cift yazim birlestirildi,Sergei Semak,Moscow,CSKA Moscow
cift yazim birlestirildi,Sergei Timofeyev,FC Spartak-Orekhovo Orekhovo-Zuyevo,FC Orekhovo Orekhovo-Zuyevo
cift yazim birlestirildi,Sergey Gotsmanov,Dinamo-93 Minsk,Dinamo Minsk
cift yazim birlestirildi,Sergey Ignatovich,Minsk,Dinamo Minsk
cift yazim birlestirildi,Sergey Yermolenko,Dinamo-93 Minsk,Dinamo Minsk
cift yazim birlestirildi,Sergey Zhukov,Lokomotiv-d Moscow,Lokomotiv Moscow
cift yazim birlestirildi,Sergio Carreira,Celta Vigo,Celta
cift yazim birlestirildi,Sergio Corino,Bilbao Athletic,Athletic Bilbao
cift yazim birlestirildi,Sergio Moyita,UCAM Murcia,Murcia
cift yazim birlestirildi,Sergio Ramos,Sevilla Atlético,Sevilla
cift yazim birlestirildi,Sérgio Ricardo,Al-Ahli Doha,Al-Ahli
cift yazim birlestirildi,Sergio Torres,Ciudad Lucena,Lucena
cift yazim birlestirildi,Serhii Husiev,Zirka-2 Kirovohrad,Zirka Kirovohrad
cift yazim birlestirildi,Serhiy Atelkin,Shakhtar-2 Donetsk,Shakhtar Donetsk
cift yazim birlestirildi,Serhiy Atelkin,Metalurh-2 Donetsk,Metalurh Donetsk
cift yazim birlestirildi,Serhiy Bezhenar,Dynamo-2 Kyiv,Dynamo Kyiv
cift yazim birlestirildi,Serhiy Bezhenar,Dynamo-3 Kyiv,Dynamo Kyiv
cift yazim birlestirildi,Serhiy Bezhenar,CSKA-2 Kyiv,CSKA Kyiv
cift yazim birlestirildi,Serhiy Husyev,Zirka-2 Kirovohrad,Zirka Kirovohrad
cift yazim birlestirildi,Serhiy Rybalka,Dynamo-2 Kyiv,Dynamo Kyiv
cift yazim birlestirildi,Serhiy Semenyuk,Shakhtar-3 Donetsk,Shakhtar Donetsk
cift yazim birlestirildi,Shaban Ismaili,SG Sonnenhof Großaspach,Sonnenhof Großaspach
cift yazim birlestirildi,Shae Cahill,Brisbane Roar NPL,Brisbane Roar
cift yazim birlestirildi,Shergo Biran,Tennis Borussia Berlin (A),Tennis Borussia Berlin
cift yazim birlestirildi,Shergo Biran,Hansa Rostock (A),Hansa Rostock
cift yazim birlestirildi,Shirley Hubbard,Leicester Fosse (guest),Leicester Fosse
cift yazim birlestirildi,Shunsuke Nakamura,Yokohama,Yokohama F. Marinos
cift yazim birlestirildi,Siaka Bakayoko,Rizespor,Çaykur Rizespor
cift yazim birlestirildi,Sid Plunkett,Norwich City (guest),Norwich City
cift yazim birlestirildi,Sigifredo Martínez,Elche CF Ilicitano,Elche
cift yazim birlestirildi,Silviu Lung Jr.,FC Universitatea Craiova,Universitatea Craiova
cift yazim birlestirildi,Simon Johnson,Hinckley,Hinckley United
cift yazim birlestirildi,Simon Rayner,Bournemouth,AFC Bournemouth
cift yazim birlestirildi,Simone Basso,Lavagnese 1919,Lavagnese
cift yazim birlestirildi,Simone Rizzato,Atletico Gallo,Atletico Gallo Colbordolo
cift yazim birlestirildi,Siro Darino,Universidad Las Palmas,Las Palmas
cift yazim birlestirildi,Sodinha,Cast Brescia,Brescia
cift yazim birlestirildi,Sohrab Bakhtiarizadeh,Esteghlal Khuzestan,Esteghlal
cift yazim birlestirildi,Solomon Enow,Sangiustese VP,Sangiustese
cift yazim birlestirildi,Sompong Soleb,Thai Port,Port
cift yazim birlestirildi,Sompong Soleb,Customs United,MOF Customs United
cift yazim birlestirildi,Souleymane Diamouténé,Lupa Roma,Roma
cift yazim birlestirildi,Sören Seidel,Werder Bremen (A),Werder Bremen
cift yazim birlestirildi,Spasoje Bulajič,Publikum Celje,Celje
cift yazim birlestirildi,Stan Earle,Clapton,Clapton Orient
cift yazim birlestirildi,Stan Hurst,Jackson's United (Crediton),Crediton United
cift yazim birlestirildi,Stan Mercer,Blackpool Services,Blackpool
cift yazim birlestirildi,Stanis Idumbo,Sevilla Atlético,Sevilla
cift yazim birlestirildi,Stanislav Hudzikevych,Obolon-2 Kyiv,Obolon Kyiv
cift yazim birlestirildi,Stanislav Hudzikevych,Torpedo Mykolaiv,Mykolaiv
cift yazim birlestirildi,Stanislav Hudzikevych,SKChF-2 Sevastopol,SKChF Sevastopol
cift yazim birlestirildi,Stanley Briggs,Tottenham,Tottenham Hotspur
cift yazim birlestirildi,Stefan Ilsanker,Red Bull Juniors Salzburg,Red Bull Salzburg
cift yazim birlestirildi,Stefan Leitl,Bayern Munich (A),Bayern Munich
cift yazim birlestirildi,Stefan Moore,Brackley Town (dual registration),Brackley Town
cift yazim birlestirildi,Stefan Nenadović,Lissone,Pro Lissone
cift yazim birlestirildi,Stefan Wessels,Bayern Munich (A),Bayern Munich
cift yazim birlestirildi,Stefano Di Fiordo,Cisco Roma,Roma
cift yazim birlestirildi,Stefano Gori,Union Brescia,Brescia
cift yazim birlestirildi,Stefano Guberti,Robur Siena,Siena
cift yazim birlestirildi,Stephan Kling,Bayern Munich (A),Bayern Munich
cift yazim birlestirildi,Stephan Kling,Hamburger SV (A),Hamburger SV
cift yazim birlestirildi,Stéphane Mbia,Wuhan,Wuhan Zall
cift yazim birlestirildi,Stéphane Ziani,Girondins Bordeaux,Bordeaux
cift yazim birlestirildi,Stephen Famewo,Eintracht Frankfurt (A),Eintracht Frankfurt
cift yazim birlestirildi,Stephen McDonald,Dundee North End,Dundee
cift yazim birlestirildi,Steve Baker,Aldershot,Aldershot Town
cift yazim birlestirildi,Steve Buttle,Seattle Sounders (indoor),Seattle Sounders
cift yazim birlestirildi,Steve Buxton,South Bank Gasworks,South Bank
cift yazim birlestirildi,Steve Daley,Seattle Sounders (indoor),Seattle Sounders
cift yazim birlestirildi,Steve Daley,San Diego Sockers (indoor),San Diego Sockers
cift yazim birlestirildi,Steve Earle,Tulsa Roughnecks (indoor),Tulsa Roughnecks
cift yazim birlestirildi,Steven Hall,Adelaide United NPL,Adelaide United
cift yazim birlestirildi,Steven Pienaar,Ajax Cape Town,Ajax
cift yazim birlestirildi,Steven Taylor,Portland Timbers 2,Portland Timbers
cift yazim birlestirildi,Stig Johansen,FK Bodø/Glimt,Bodø/Glimt
cift yazim birlestirildi,Stuart Lee,Portland Timbers (indoor),Portland Timbers
cift yazim birlestirildi,Stuart Noble,Gala Fairydean,Gala Fairydean Rovers
cift yazim birlestirildi,Stuart Thurgood,East Thurrock United,Thurrock
cift yazim birlestirildi,Sturdy Maxwell,Dumbarton Harp,Dumbarton
cift yazim birlestirildi,Suk Hyun-jun,Ajax Amateurs,Ajax
cift yazim birlestirildi,Suleiman Abdullahi,Viking FK 2,Viking
cift yazim birlestirildi,Sune Andersson,Finspångs AIK,AIK
cift yazim birlestirildi,Süleyman Özdamar,Gaziantepspor A2,Gaziantepspor
cift yazim birlestirildi,Syarhey Kavalyuk,Dinamo-2 Brest,Dinamo Brest
cift yazim birlestirildi,Syarhey Kozak,Rotor-2 Volgograd,Rotor Volgograd
cift yazim birlestirildi,Syarhey Kuznyatsow,Metalist-2 Kharkiv,Metalist Kharkiv
cift yazim birlestirildi,Syarhey Shchehrykovich,MTZ-RIPO-2 Minsk,Minsk
cift yazim birlestirildi,Syarhey Shchehrykovich,Partizan Minsk,Minsk
cift yazim birlestirildi,Syarhey Shchehrykovich,Krumkachy Minsk,Minsk
cift yazim birlestirildi,Sylvain Distin,Joué-lès-Tours,Tours
cift yazim birlestirildi,Sylvain Idangar,Lyon-Duchère,Lyon
cift yazim birlestirildi,Sylvain Léandri,Paris,Paris Saint-Germain
cift yazim birlestirildi,Şehmus Özer,Malatyaspor,Yeni Malatyaspor
cift yazim birlestirildi,Tadeu,Grêmio Barueri,Grêmio
cift yazim birlestirildi,Taichi Hara,FC Tokyo U-23,FC Tokyo
cift yazim birlestirildi,Taichi Hara,St. Pauli,FC St. Pauli
cift yazim birlestirildi,Takefusa Kubo,FC Tokyo U-23,FC Tokyo
cift yazim birlestirildi,Tally Sneddon,Brentford (guest),Brentford
cift yazim birlestirildi,Tan Kaiyuan,Guangzhou Evergrande,Guangzhou
cift yazim birlestirildi,Tani Oluwaseyi,Minnesota United 2,Minnesota United
cift yazim birlestirildi,Taras Stepanenko,Metalurh-2 Zaporizhzhia,Metalurh Zaporizhzhia
cift yazim birlestirildi,Taylan Antalyalı,Rizespor,Çaykur Rizespor
cift yazim birlestirildi,Taylan Aydoğan,Malatyaspor,Yeni Malatyaspor
cift yazim birlestirildi,Tayyip Talha Sanuç,Rizespor,Çaykur Rizespor
cift yazim birlestirildi,Teemu Pukki,Sevilla Atlético,Sevilla
cift yazim birlestirildi,Teenage Hadebe,Houston Dynamo 2,Houston Dynamo
cift yazim birlestirildi,Terry Dunfield,Toronto Atomic FC,Toronto FC
cift yazim birlestirildi,Terry Springthorpe,New York Hakoah-Americans,New York Americans
cift yazim birlestirildi,Tete Yengi,Newcastle Jets NPL,Newcastle Jets
cift yazim birlestirildi,Théodore Nzue Nguema,Libreville,USM Libreville
cift yazim birlestirildi,Thibault Campanini,Gazélec Ajaccio,Ajaccio
cift yazim birlestirildi,Thomas Ayasse,FCM Troyes,Troyes
cift yazim birlestirildi,Thomas Bennett,South Liverpool,Liverpool
cift yazim birlestirildi,Thomas Brdarić,VfB Stuttgart (A),VfB Stuttgart
cift yazim birlestirildi,Thomas Gardner,South Liverpool,Liverpool
cift yazim birlestirildi,Thomas Graham,Brentford (guest),Brentford
cift yazim birlestirildi,Thomas Kastenmaier,Bayern Munich (A),Bayern Munich
cift yazim birlestirildi,Thomas Rekdal,Fredrikstad 2,Fredrikstad
cift yazim birlestirildi,Thomas Rekdal,Odd 2,Odd
cift yazim birlestirildi,Thomas Vincensini,Bastia-Borgo,Bastia
cift yazim birlestirildi,Thomas Zampach,Eintracht Frankfurt Amat.,Eintracht Frankfurt
cift yazim birlestirildi,Thorsten Boer,FC Berlin,1. FC Union Berlin
cift yazim birlestirildi,Thorsten Ott,Bayern Munich (A),Bayern Munich
cift yazim birlestirildi,Timo Baumgartl,St. Louis City 2,St. Louis City
cift yazim birlestirildi,Tobias Heintz,Sprint-Jeløy,Sprint-Jeløy 2
cift yazim birlestirildi,Tobias Heintz,Sarpsborg 08 2,Sarpsborg 08
cift yazim birlestirildi,Tolo Plaza,Sevilla Atlético,Sevilla
cift yazim birlestirildi,Tom Buchan,Sunderland Rovers,Sunderland
cift yazim birlestirildi,Tom Forrester,Stoke St Peter's,Stoke
cift yazim birlestirildi,Tom Lilley,Sunderland District Omnibus,Sunderland
cift yazim birlestirildi,Tom Lonie,Dundee Harp,Dundee
cift yazim birlestirildi,Tom Lonie,Dundee Wanderers,Dundee
cift yazim birlestirildi,Tom Naisby,Sunderland East End,Sunderland
cift yazim birlestirildi,Tom Naisby,Sunderland West End,Sunderland
cift yazim birlestirildi,Tom Nicol,Southampton Wanderers,Southampton
cift yazim birlestirildi,Tom Pratt,Fleetwood Rangers,Fleetwood
cift yazim birlestirildi,Tom Ritzy Hülsmann,Stade de Reims,Reims
cift yazim birlestirildi,Tom Russell,Cowdenbeath Wednesday,Cowdenbeath
cift yazim birlestirildi,Tomáš Bruško,MFK Dubnica,Dubnica
cift yazim birlestirildi,Tomáš Bruško,Dynamo-2 Kyiv,Dynamo Kyiv
cift yazim birlestirildi,Tomáš Bruško,Dynamo-3 Kyiv,Dynamo Kyiv
cift yazim birlestirildi,Tomás Conechny,Portland Timbers 2,Portland Timbers
cift yazim birlestirildi,Tomás Hernández,Arenas Zaragoza,Zaragoza
cift yazim birlestirildi,Tomas Švedkauskas,Lupa Roma,Roma
cift yazim birlestirildi,Tommy Atherton,Dundee Wanderers,Dundee
cift yazim birlestirildi,Tommy Barber,Belfast Celtic (guest),Celtic (guest)
cift yazim birlestirildi,Tommy De Jong,ASPV Strasbourg,Strasbourg
cift yazim birlestirildi,Tommy Dilly,Arbroath North End,Arbroath
cift yazim birlestirildi,Tommy Dutton,Southport High Park,Southport
cift yazim birlestirildi,Tommy Gaynor,Limerick United,Limerick
cift yazim birlestirildi,Tommy Gaynor,Limerick City,Limerick
cift yazim birlestirildi,Tommy Logan,Falkirk (guest),Falkirk
cift yazim birlestirildi,Tommy McDermott,Cambuslang Hibernian,Hibernian
cift yazim birlestirildi,Tommy McDermott,Dundee Hibernian,Dundee
cift yazim birlestirildi,Tommy McInally,Croy Celtic,Celtic
cift yazim birlestirildi,Tommy Mitchinson,Bournemouth & Boscombe Athletic,Bournemouth
cift yazim birlestirildi,Tommy Ord,Tulsa Roughnecks (indoor),Tulsa Roughnecks
cift yazim birlestirildi,Tommy Ord,Atlanta Chiefs (indoor),Atlanta Chiefs
cift yazim birlestirildi,Tommy Rudkin,Lincoln City (war guest),Lincoln City
cift yazim birlestirildi,Tommy Stewart,Sunderland Royal Rovers,Sunderland
cift yazim birlestirildi,Tommy Winship,Wallsend Park Villa,Wallsend
cift yazim birlestirildi,Tommy Winship,Woolwich Arsenal / Arsenal,Woolwich Arsenal
cift yazim birlestirildi,Toni González,AEL Kalloni,AEL
cift yazim birlestirildi,Tony Hackworth,Scarborough Athletic,Scarborough
cift yazim birlestirildi,Tony Popovic,Sydney United,Sydney
cift yazim birlestirildi,Tony Powell,San Jose Earthquakes (indoor),San Jose Earthquakes
cift yazim birlestirildi,Tony Towers,Montreal Manic (indoor),Montreal Manic
cift yazim birlestirildi,Tony Vairelles,SC Bastia,Bastia
cift yazim birlestirildi,Tony Vairelles,CA Bastia,Bastia
cift yazim birlestirildi,Tony Want,Minnesota Kicks (indoor),Minnesota Kicks
cift yazim birlestirildi,Tony Whelan,Fort Lauderdale Strikers (indoor),Fort Lauderdale Strikers
cift yazim birlestirildi,Torben Frank,Lyngby BK,Lyngby
cift yazim birlestirildi,Tornike Okriashvili,Krasnodar-2,Krasnodar
cift yazim birlestirildi,Torsten Frings,Werder Bremen (A),Werder Bremen
cift yazim birlestirildi,Tosher Burns,Ards United,Ards
cift yazim birlestirildi,Trevor Carson,Dundee United,Dundee
cift yazim birlestirildi,Trevor Francis,Rangers,Queens Park Rangers
cift yazim birlestirildi,Trevor Smith,Fulham (guest),Fulham
cift yazim birlestirildi,Troy Parrott,Real Betis,Betis
cift yazim birlestirildi,Txema Noriega,Bilbao Athletic,Athletic Bilbao
cift yazim birlestirildi,Txetxu Rojo,Bilbao Athletic,Athletic Bilbao
cift yazim birlestirildi,Txutxi,Bilbao Athletic,Athletic Bilbao
cift yazim birlestirildi,Tyrone Berry,Cray Wanderers (dual registration),Cray Wanderers
cift yazim birlestirildi,Ufuk Talay,Sydney United,Sydney
cift yazim birlestirildi,Ugo Cerroni,A.S. Alba Roma,Roma
cift yazim birlestirildi,Uladzimir Khvashchynski,Minsk,Dinamo Minsk
cift yazim birlestirildi,Uladzimir Maroz,Torpedo Zhodino,Torpedo-BelAZ Zhodino
cift yazim birlestirildi,Ulf Kliche,Bayern Munich (A),Bayern Munich
cift yazim birlestirildi,Uli Bayerschmidt,Bayern Munich (A),Bayern Munich
cift yazim birlestirildi,Ulrich Landvreugd,AFC '34,AFC
cift yazim birlestirildi,Umut Bozok,Başakşehir,İstanbul Başakşehir
cift yazim birlestirildi,Umut Güneş,Başakşehir,İstanbul Başakşehir
cift yazim birlestirildi,Unai Albizua,Bilbao Athletic,Athletic Bilbao
cift yazim birlestirildi,Unai Bustinza,Bilbao Athletic,Athletic Bilbao
cift yazim birlestirildi,Unai Dufur,Eibar Urko,Eibar
cift yazim birlestirildi,Unai Egiluz,Bilbao Athletic,Athletic Bilbao
cift yazim birlestirildi,Unai Expósito,Bilbao Athletic,Athletic Bilbao
cift yazim birlestirildi,Unai Gómez,Bilbao Athletic,Athletic Bilbao
cift yazim birlestirildi,Unai López,Bilbao Athletic,Athletic Bilbao
cift yazim birlestirildi,Unai Nuñez,Bilbao Athletic,Athletic Bilbao
cift yazim birlestirildi,Unai Rementería,Getxo,Arenas Getxo
cift yazim birlestirildi,Unai Vencedor,Bilbao Athletic,Athletic Bilbao
cift yazim birlestirildi,Urko Arroyo,Bilbao Athletic,Athletic Bilbao
cift yazim birlestirildi,Urko Arroyo,Real Jaén,Jaén
cift yazim birlestirildi,Urko Izeta,Bilbao Athletic,Athletic Bilbao
cift yazim birlestirildi,Urko Vera,Bilbao Athletic,Athletic Bilbao
cift yazim birlestirildi,Ustaritz Aldekoaotalora,Bilbao Athletic,Athletic Bilbao
cift yazim birlestirildi,Uwe Müller,FC (SCN) Admira/Wacker,FC Admira/Wacker
cift yazim birlestirildi,Ünal Demirkıran,SSV Ulm Amateure,SSV Ulm
cift yazim birlestirildi,Vadym Deonas,Chornomorets-2 Odesa,Chornomorets Odesa
cift yazim birlestirildi,Vadym Deonas,CSKA-2 Kyiv,CSKA Kyiv
cift yazim birlestirildi,Vadzim Dzemidovich,Minsk,Dinamo Minsk
cift yazim birlestirildi,Vadzim Lasowski,Dinamo-93 Minsk,Dinamo Minsk
cift yazim birlestirildi,Vahid Hambo,SJK Akatemia,SJK
cift yazim birlestirildi,Val Gregory,Wolverhampton,Wolverhampton Wanderers
cift yazim birlestirildi,Valentín Gómez,Real Betis,Betis
cift yazim birlestirildi,Valentin Mihăilă,Rizespor,Çaykur Rizespor
cift yazim birlestirildi,Valentin Năstase,Argeș 1953 Pitești,Argeș Pitești
cift yazim birlestirildi,Valeriy Kutsenko,Dnipro-2 Dnipropetrovsk,Dnipro Dnipropetrovsk
cift yazim birlestirildi,Valeriy Kutsenko,Obolon-2 Kyiv,Obolon Kyiv
cift yazim birlestirildi,Valery Karnitsky,Neman-Agro Stolbtsy,Neman Stolbtsy
cift yazim birlestirildi,Vanja Iveša,Istra,Istra 1961
cift yazim birlestirildi,Vasil Khamutowski,Metalist-2 Kharkiv,Metalist Kharkiv
cift yazim birlestirildi,Veli Kızılkaya,Kütahyaspor,Belediye Kütahyaspor
cift yazim birlestirildi,Vemund Brekke Skard,Brumunddal 2,Brumunddal
cift yazim birlestirildi,Vicente Álvarez-Buylla,Club Español de Madrid,Madrid
cift yazim birlestirildi,Vicente Monje,Olympiacos Volos,Olympiacos
cift yazim birlestirildi,Víctor García,Torre Levante,Levante
cift yazim birlestirildi,Vidadi Rzayev,FK Shamkir,Shamkir
cift yazim birlestirildi,Viktor Hryshko,Chornomorets-2 Odesa,Chornomorets Odesa
cift yazim birlestirildi,Vincent Angelini,Jerv 2,Jerv
cift yazim birlestirildi,Vincenzo Rennella,Miami FC 2,Miami
cift yazim birlestirildi,Vioresin Sinani,Olimpik Tirana,Tirana
cift yazim birlestirildi,Vital Kibuk,Minsk,Dinamo Minsk
cift yazim birlestirildi,Vitali Dyakov,Lokomotiv-2 Moscow,Lokomotiv Moscow
cift yazim birlestirildi,Vitalie Damașcan,Zimbru-2 Chișinău,Zimbru Chișinău
cift yazim birlestirildi,Vitalie Damașcan,Sheriff-2 Tiraspol,Sheriff Tiraspol
cift yazim birlestirildi,Vitaliy Berezovskyi,Sheriff-2 Tiraspol,Sheriff Tiraspol
cift yazim birlestirildi,Vitaliy Berezovskyi,Tiraspol,Sheriff Tiraspol
cift yazim birlestirildi,Vladimír Coufal,Hoffenheim,TSG Hoffenheim
cift yazim birlestirildi,Vladislav Krivitsky,Torpedo Minsk,Minsk
cift yazim birlestirildi,Vladislav Krivitsky,Energetik-BGU Minsk,Minsk
cift yazim birlestirildi,Vladislav Vasilyev,Shakhter-M Karagandy,Shakhter Karagandy
cift yazim birlestirildi,Vladislav Vasilyev,Energetik-BGU Minsk,Minsk
cift yazim birlestirildi,Vladislav Vasilyev,Minsk,Dinamo Minsk
cift yazim birlestirildi,Vladlen Yurchenko,Shakhtar-3 Donetsk,Shakhtar Donetsk
cift yazim birlestirildi,Volkan Babacan,Başakşehir,İstanbul Başakşehir
cift yazim birlestirildi,Volodymyr Matsyhura,CSKA-Borysfen Boryspil,Boryspil
cift yazim birlestirildi,Volodymyr Matsyhura,Rostselmash-d Rostov-on-Don,Rostselmash Rostov-on-Don
cift yazim birlestirildi,Volodymyr Matsyhura,CSKA-2 Kyiv,CSKA Kyiv
cift yazim birlestirildi,Volodymyr Matsyhura,Metalist-2 Kharkiv,Metalist Kharkiv
cift yazim birlestirildi,Vurnon Anita,Ajax Amateurs,Ajax
cift yazim birlestirildi,Vyachaslaw Yaraslawski,Lokomotiv Minsk,Minsk
cift yazim birlestirildi,Vyachaslaw Yaraslawski,SKVICH Minsk,Minsk
cift yazim birlestirildi,Vyacheslav Hleb,Dinamo-Juni Minsk,Dinamo Minsk
cift yazim birlestirildi,Walid Cherfa,Toulouse Fontaines,Toulouse
cift yazim birlestirildi,Walid Cherfa,Toulouse Rodéo,Toulouse
cift yazim birlestirildi,Wally Tattersall,Moores Athletic (Shirebrook),Shirebrook
cift yazim birlestirildi,Walquir Mota,RCF Paris,Paris
cift yazim birlestirildi,Walter Coates,Burnhope,Burnhope Institute
cift yazim birlestirildi,Walter López,Cerro,Cerro Porteño
cift yazim birlestirildi,Walter Rositzky,FC Barcelona B,Barcelona B
cift yazim birlestirildi,Wandrille Lefèvre,Montreal Impact <small>(NASL)</small>,Montreal Impact
cift yazim birlestirildi,Washington,Duque de Caxias,Caxias
cift yazim birlestirildi,Wayne Pratt,Road-Sea Southampton,Southampton
cift yazim birlestirildi,Wei Xiangxin,AJ Auxerre,Auxerre
cift yazim birlestirildi,Wesley França,AS Roma,Roma
cift yazim birlestirildi,Wilfred Osuji,Cittadella Vis Modena,Modena
cift yazim birlestirildi,Will Devey,Walsall Town Swifts,Walsall
cift yazim birlestirildi,Willi Lindner,Reichsbahn/Rot-Weiss Frankfurt,Rot-Weiss Frankfurt
cift yazim birlestirildi,Willi Pfeiffer,Frankfurter Kickers / FFV / Eintracht Frankfurt,Eintracht Frankfurt
cift yazim birlestirildi,William Bradley,Jarrow Caledonians,Jarrow
cift yazim birlestirildi,William Devlin,Vale of Clyde,Clyde
cift yazim birlestirildi,William Gibson,Sunderland Royal Rovers,Sunderland
cift yazim birlestirildi,William Kennedy Gibson,Sunderland Royal Rovers,Sunderland
cift yazim birlestirildi,William Longair,Dundee East End,Dundee
cift yazim birlestirildi,William McAulay,Cambuslang Hibernian,Hibernian
cift yazim birlestirildi,William Negri,Indomita Mantova,Mantova
cift yazim birlestirildi,William Walker,Broxburn Athletic,Broxburn
cift yazim birlestirildi,William Watkins,Trawden Forest,Trawden
cift yazim birlestirildi,William Whiting,Southampton Wanderers,Southampton
cift yazim birlestirildi,Williams Martínez,Cerro,Cerro Porteño
cift yazim birlestirildi,Willian José,Grêmio Barueri,Grêmio
cift yazim birlestirildi,Willie Anderson,Portland Timbers (indoor),Portland Timbers
cift yazim birlestirildi,Willie Donnelly,Vale of Clyde,Clyde
cift yazim birlestirildi,Willie Donnelly,Belfast Celtic,Celtic
cift yazim birlestirildi,Willie Jackson,Vale of Leven Juniors,Vale of Leven
cift yazim birlestirildi,Willie Muir,Dundee Hibernian,Dundee
cift yazim birlestirildi,Willie Naughton,Glasgow Hibernian,Hibernian
cift yazim birlestirildi,Willie Stewart,Dundee Our Boys,Dundee
cift yazim birlestirildi,Willie Walker,Darlington Albion,Darlington
cift yazim birlestirildi,Willie Walker,Darlington St Augustine's,Darlington
cift yazim birlestirildi,Williot Swedberg,Celta Vigo,Celta
cift yazim birlestirildi,Willy Ledesma,CF Extremadura,Extremadura
cift yazim birlestirildi,Wolf-Rüdiger Krause,Eintracht Braunschweig Amat.,Eintracht Braunschweig
cift yazim birlestirildi,Wolfgang Rausch,Dallas Tornado (indoor),Dallas Tornado
cift yazim birlestirildi,Wolfgang Schober,Red Bull Salzburg Juniors,Red Bull Salzburg
cift yazim birlestirildi,Xabi Etxebarria,Bilbao Athletic,Athletic Bilbao
cift yazim birlestirildi,Xabier Azkargorta,Bilbao Athletic,Athletic Bilbao
cift yazim birlestirildi,Xabier Eskurza,Bilbao Athletic,Athletic Bilbao
cift yazim birlestirildi,Xabier Etxeita,Bilbao Athletic,Athletic Bilbao
cift yazim birlestirildi,Yahia Fofana,Rizespor,Çaykur Rizespor
cift yazim birlestirildi,Yanko Daucik,Atlético Madrid aficionados,Atlético Madrid
cift yazim birlestirildi,Yanko Daucik,Toronto Italia Falcons,Toronto Falcons
cift yazim birlestirildi,Yaroslav Rakitskyi,Shakhtar-3 Donetsk,Shakhtar Donetsk
cift yazim birlestirildi,Yaser Yıldız,Utaş Uşakspor,Uşakspor
cift yazim birlestirildi,Yassin El-Azzouzi,ÉF Bastia,Bastia
cift yazim birlestirildi,Yaw Yeboah,Columbus Crew 2,Columbus Crew
cift yazim birlestirildi,Yaw Yeboah,Los Angeles FC 2,Los Angeles
cift yazim birlestirildi,Yegor Bogomolsky,Minsk,Dinamo Minsk
cift yazim birlestirildi,Yeray Álvarez,Bilbao Athletic,Athletic Bilbao
cift yazim birlestirildi,Yevgeny Shevchenko,Minsk,Dinamo Minsk
cift yazim birlestirildi,Yevhen Arbuzov,Hirnyk-Veteran Kryvyi Rih,Hirnyk Kryvyi Rih
cift yazim birlestirildi,Yevhen Konoplyanka,Dnipro-2 Dnipropetrovsk,Dnipro Dnipropetrovsk
cift yazim birlestirildi,Yevhen Opanasenko,Metalurh-2 Zaporizhzhia,Metalurh Zaporizhzhia
cift yazim birlestirildi,Yevhen Opanasenko,Poltava,Vorskla Poltava
cift yazim birlestirildi,Yevhen Seleznyov,Shakhtar-3 Donetsk,Shakhtar Donetsk
cift yazim birlestirildi,Yevhen Seleznyov,Shakhtar-2 Donetsk,Shakhtar Donetsk
cift yazim birlestirildi,Yoel Lago,Celta Vigo,Celta
cift yazim birlestirildi,Yohan Mollo,Zenit-2 Saint Petersburg,Zenit Saint Petersburg
cift yazim birlestirildi,Yordan Petkov,Vorskla-2 Poltava,Vorskla Poltava
cift yazim birlestirildi,Youssef Haraoui,Paris,Paris Saint-Germain
cift yazim birlestirildi,Youssouf Yalike,Torre Levante,Levante
cift yazim birlestirildi,Yunus Emre Yalçın,Bayburt İdarespor,Bayburt Özel İdarespor
cift yazim birlestirildi,Yuriy Kalitvintsev,Dynamo-d Moscow,Dynamo Moscow
cift yazim birlestirildi,Yuriy Kalitvintsev,Dynamo-2 Kyiv,Dynamo Kyiv
cift yazim birlestirildi,Yuriy Kalitvintsev,Dynamo-3 Kyiv,Dynamo Kyiv
cift yazim birlestirildi,Yuriy Maksymov,Dynamo-2 Kyiv,Dynamo Kyiv
cift yazim birlestirildi,Yury Afanasenko,Dinamo-2 Minsk,Dinamo Minsk
cift yazim birlestirildi,Yury Afanasenko,Dinamo-93 Minsk,Dinamo Minsk
cift yazim birlestirildi,Yury Antanovich,Zvezda-VA-BGU Minsk,Zvezda-BGU Minsk
cift yazim birlestirildi,Yury Kendysh,Žalgiris Vilnius,Žalgiris
cift yazim birlestirildi,Yury Tsyhalka,Dinamo-Yuni Minsk,Dinamo Minsk
cift yazim birlestirildi,Yury Tsyhalka,Dinamo-2 Minsk,Dinamo Minsk
cift yazim birlestirildi,Yusuf Sarı,Olympique Marseille,Marseille
cift yazim birlestirildi,Yusuf Sarı,Clermont Foot,Clermont
cift yazim birlestirildi,Yusuf Sarı,Başakşehir,İstanbul Başakşehir
cift yazim birlestirildi,Yusuf Soysal,Gençlerbirliği OFTAŞ,Gençlerbirliği
cift yazim birlestirildi,Zafer Görgen,Rizespor,Çaykur Rizespor
cift yazim birlestirildi,Zakarya Bergdich,BB Erzurumspor,Erzurumspor
cift yazim birlestirildi,Zbigniew Kaczmarek,Lechia-Polonia Gdańsk,Polonia Gdańsk
cift yazim birlestirildi,Zhang Xizhe,Beijing Guoan Talent,Beijing Guoan
cift yazim birlestirildi,Zié Diabaté,Gazélec Ajaccio,Ajaccio
cift yazim birlestirildi,Zvonko Pamić,Karlovac 1919,Karlovac
cift yazim birlestirildi,İbrahim Tusder,Galatasaray SK,Galatasaray
cift yazim birlestirildi,Renato Ibarra,Ecuador men's national under-20 association football team,Ecuador men's national football team
cift yazim birlestirildi,Igor Jovićević,FC Karpaty-2 Lviv,FC Karpaty Lviv
cift yazim birlestirildi,Jesús Herrera Alonso,Real Oviedo Vetusta,Real Oviedo
cift yazim birlestirildi,Antonio Ruiz Cervilla,CD Málaga,Málaga
cift yazim birlestirildi,Pedro Luis Jaro,CD Málaga,Málaga
cift yazim birlestirildi,Sergio Díaz,Real Oviedo Vetusta,Real Oviedo
cift yazim birlestirildi,Juanmi García,FC Cartagena,Cartagena
cift yazim birlestirildi,Juan Martínez Martínez,CF Lorca Deportiva,Lorca Deportiva
cift yazim birlestirildi,Juan Martínez Martínez,Orihuela Deportiva,Orihuela
cift yazim birlestirildi,Adrián Martín Cardona,UD Las Palmas Atlético,UD Las Palmas
cift yazim birlestirildi,Nahikari García,Spain women's national under-17 association football team,Spain women's national association football team
cift yazim birlestirildi,Nahikari García,Spain women's national association football team,Spain women's national under-19 association football team
cift yazim birlestirildi,Maribel Domínguez,FC Barcelona Femení,FC Barcelona
cift yazim birlestirildi,Williams Silvio Modesto Verísimo,CD Málaga,Málaga
cift yazim birlestirildi,Salim Chartouni,Ángeles de Puebla,Puebla
cift yazim birlestirildi,Fidel Martínez,Ecuador men's national under-20 association football team,Ecuador men's national football team
cift yazim birlestirildi,Urko Rafael Pardo,G.S. Iraklis Thessalonikis,G.S. Iraklis Thessalonikis (men's association football)
cift yazim birlestirildi,Jesús Rodríguez Tato,Real Murcia Imperial,Real Murcia
cift yazim birlestirildi,Florencia Quiñones,FC Barcelona Femení,FC Barcelona
cift yazim birlestirildi,José Manuel Casado Bizcocho,Sevilla Atlético,Sevilla
cift yazim birlestirildi,Josep Maria Comadevall,CF Badalona Futur,CF Badalona
cift yazim birlestirildi,David Páez,FC Barcelona Hoquei,FC Barcelona
cift yazim birlestirildi,Alberto García Cabrera,Real Murcia Imperial,Real Murcia
cift yazim birlestirildi,José Perramón,FC Barcelona Handbol,FC Barcelona
cift yazim birlestirildi,Ismael Santiago López,Granada 74,Granada
cift yazim birlestirildi,Fabiana Simões,FC Barcelona Femení,FC Barcelona
cift yazim birlestirildi,Elixabete Sarasola,FC Barcelona Femení,FC Barcelona
cift yazim birlestirildi,Patricia Pérez,FC Barcelona Femení,FC Barcelona
cift yazim birlestirildi,José Manuel Martínez Toral,FC Barcelona Juvenil A,FC Barcelona
cift yazim birlestirildi,Lucy Bronze,England women's national under-17 association football team,England women's national football team
cift yazim birlestirildi,Lucy Bronze,England women's national under-19 association football team,England women's national football team
cift yazim birlestirildi,Lucy Bronze,England women's national under-23 association football team,England women's national football team
cift yazim birlestirildi,Lucy Bronze,England women's national under-20 football team,England women's national football team
cift yazim birlestirildi,Patricia Martínez Augusto,FC Barcelona Femení,FC Barcelona
cift yazim birlestirildi,Patricia Martínez Augusto,Spain women's national association football team,Spain women's national under-19 association football team
cift yazim birlestirildi,Francisco José Perdomo Borges,UD Las Palmas Atlético,UD Las Palmas
cift yazim birlestirildi,Aitana Bonmatí,FC Barcelona Femení,FC Barcelona
cift yazim birlestirildi,Aitana Bonmatí,Spain women's national under-17 association football team,Spain women's national association football team
cift yazim birlestirildi,Aitana Bonmatí,Spain women's national association football team,Spain women's national under-19 association football team
cift yazim birlestirildi,Roberto Passani Buggiani,FC Espanya de Barcelona,FC Barcelona
cift yazim birlestirildi,Ona Batlle,Spain women's national under-17 association football team,Spain women's national association football team
cift yazim birlestirildi,Ona Batlle,Spain women's national association football team,Spain women's national under-19 association football team
cift yazim birlestirildi,Candela Andújar,Spain women's national under-17 association football team,Spain women's national association football team
cift yazim birlestirildi,Candela Andújar,Spain women's national association football team,Spain women's national under-19 association football team
cift yazim birlestirildi,Fernando Plaza Sánchez,FC Espanya de Barcelona,FC Barcelona
cift yazim birlestirildi,Jana Fernández,FC Barcelona Femení,FC Barcelona
cift yazim birlestirildi,Jana Fernández,Spain women's national under-17 association football team,Spain women's national association football team
cift yazim birlestirildi,Jana Fernández,Spain women's national association football team,Spain women's national under-19 association football team
cift yazim birlestirildi,Xavi Espart,Barcelona,FC Barcelona
cift yazim birlestirildi,Wilhelm Hoffmann,SSV Ulm 1846 Fußball,SSV Ulm 1846
cift yazim birlestirildi,Lena Lotzen,Germany women's national under-20 association football team,Germany women's national football team
cift yazim birlestirildi,Lena Lotzen,Germany women's national under-15 association football team,Germany women's national football team
cift yazim birlestirildi,Lena Lotzen,Germany women's national under-17 association football team,Germany women's national football team
cift yazim birlestirildi,Lena Lotzen,Germany women's national under-19 association football team,Germany women's national football team
cift yazim birlestirildi,Amber Wisner,United States women's national under-17 soccer team,United States women's national soccer team
cift yazim birlestirildi,Amber Wisner,United States women's national under-23 soccer team,United States women's national soccer team
cift yazim birlestirildi,Sergei Serdyukov,FC Dynamo GTS Stavropol,FC Dynamo Stavropol
cift yazim birlestirildi,Bülent Eralp,Galatasaray SK,Galatasaray
cift yazim birlestirildi,Alara Şehitler,Germany women's national under-20 association football team,Germany women's national football team
cift yazim birlestirildi,Alara Şehitler,Germany women's national under-15 association football team,Germany women's national football team
cift yazim birlestirildi,Alara Şehitler,Germany women's national under-17 association football team,Germany women's national football team
cift yazim birlestirildi,Alara Şehitler,Germany women's national under-19 association football team,Germany women's national football team
cift yazim birlestirildi,Alara Şehitler,Germany women's national under-23 association football team,Germany women's national football team
cift yazim birlestirildi,Gladestony Estevão Paulino da Silva,Audax São Paulo Esporte Clube,São Paulo
cift yazim birlestirildi,Betsy Hassett,New Zealand women's national under-20 football team,New Zealand women's national football team
cift yazim birlestirildi,Karima Benameur,Paris Saint-Germain Féminine,Paris
cift yazim birlestirildi,Emma Kete,New Zealand women's national under-20 football team,New Zealand women's national football team
cift yazim birlestirildi,Denis Clarke,Galway,Galway United
cift yazim birlestirildi,Jason van Blerk,Australia men's national under-20 soccer team,Australia men's national soccer team
cift yazim birlestirildi,Tessa Wullaert,Standard Fémina de Liège,Standard Liège
cift yazim birlestirildi,Anja Mittag,Germany women's national under-17 association football team,Germany women's national football team
cift yazim birlestirildi,Anja Mittag,Germany women's national under-19 association football team,Germany women's national football team
cift yazim birlestirildi,Anja Mittag,Paris Saint-Germain Féminine,Paris Saint-Germain
cift yazim birlestirildi,Fatmire Alushi,Germany women's national under-15 association football team,Germany women's national football team
cift yazim birlestirildi,Fatmire Alushi,Germany women's national under-17 association football team,Germany women's national football team
cift yazim birlestirildi,Fatmire Alushi,Germany women's national under-19 association football team,Germany women's national football team
cift yazim birlestirildi,Fatmire Alushi,Paris Saint-Germain Féminine,Paris Saint-Germain
cift yazim birlestirildi,Érika Cristiano dos Santos,Paris Saint-Germain Féminine,Paris Saint-Germain
cift yazim birlestirildi,Érika Cristiano dos Santos,Brazil women's national under-20 football team,Brazil women's national football team
cift yazim birlestirildi,Cristiane Rozeira,Santos Futebol Clube Amapá,Santos
cift yazim birlestirildi,Linda Bresonik,Germany women's national under-17 association football team,Germany women's national football team
cift yazim birlestirildi,Linda Bresonik,Germany women's national under-19 association football team,Germany women's national football team
cift yazim birlestirildi,Linda Bresonik,Paris Saint-Germain Féminine,Paris Saint-Germain
cift yazim birlestirildi,Élise Bussaglia,Montpellier Hérault Sport Club,Montpellier
cift yazim birlestirildi,Élise Bussaglia,Paris Saint-Germain Féminine,Paris Saint-Germain
cift yazim birlestirildi,Annike Krahn,Germany women's national under-19 association football team,Germany women's national football team
cift yazim birlestirildi,Annike Krahn,Germany women's national under-21 football team,Germany women's national football team
cift yazim birlestirildi,Annike Krahn,Paris Saint-Germain Féminine,Paris Saint-Germain
cift yazim birlestirildi,Camille Abily,Montpellier Hérault Sport Club,Montpellier
cift yazim birlestirildi,Camille Abily,Paris Saint-Germain Féminine,Paris Saint-Germain
cift yazim birlestirildi,Sonia Bompastor,Montpellier Hérault Sport Club,Montpellier
cift yazim birlestirildi,Sonia Bompastor,Paris Saint-Germain Féminine,Paris Saint-Germain
cift yazim birlestirildi,Ann-Katrin Berger,Germany women's national under-19 association football team,Germany women's national football team
cift yazim birlestirildi,Ann-Katrin Berger,Paris Saint-Germain Féminine,Paris Saint-Germain
cift yazim birlestirildi,Josephine Henning,Germany women's national under-20 association football team,Germany women's national football team
cift yazim birlestirildi,Josephine Henning,Germany women's national under-19 association football team,Germany women's national football team
cift yazim birlestirildi,Josephine Henning,Germany women's national under-23 association football team,Germany women's national football team
cift yazim birlestirildi,Josephine Henning,Paris Saint-Germain Féminine,Paris Saint-Germain
cift yazim birlestirildi,Stéphane Gillet,Racing Union Luxembourg,Union Luxembourg
cift yazim birlestirildi,Jean-Paul Rostagni,Paris,Paris Saint-Germain
cift yazim birlestirildi,Leïla Maknoun,En avant Guingamp,En Avant de Guingamp
cift yazim birlestirildi,Leïla Maknoun,Paris Saint-Germain Féminine,Paris Saint-Germain
cift yazim birlestirildi,Leïla Maknoun,Tunisia women's national under-20 football team,Tunisia women's national football team
cift yazim birlestirildi,Allie Long,United States women's national under-23 soccer team,United States women's national soccer team
cift yazim birlestirildi,Allie Long,Paris Saint-Germain Féminine,Paris Saint-Germain
cift yazim birlestirildi,Ella Masar,United States women's national under-23 soccer team,United States women's national soccer team
cift yazim birlestirildi,Ella Masar,Paris Saint-Germain Féminine,Paris Saint-Germain
cift yazim birlestirildi,Denis Troch,Paris,Paris Saint-Germain
cift yazim birlestirildi,Rosana dos Santos Augusto,Paris Saint-Germain Féminine,Paris Saint-Germain
cift yazim birlestirildi,Antonio Tavares,Paris,Paris Saint-Germain
cift yazim birlestirildi,Kenny Vigier,Paris,Paris Saint-Germain
cift yazim birlestirildi,Katarzyna Kiedrzynek,Paris Saint-Germain Féminine,Paris Saint-Germain
cift yazim birlestirildi,Léa Khelifi,France women's national under-19 association football team,France women's national football team
cift yazim birlestirildi,Léa Khelifi,France women's national under-20 association football team,France women's national football team
cift yazim birlestirildi,Léa Khelifi,France women's national under-17 association football team,France women's national football team
cift yazim birlestirildi,Léa Khelifi,France women's national under-23 association football team,France women's national football team
cift yazim birlestirildi,José Francisco Cevallos,Ecuador men's national under-20 association football team,Ecuador men's national football team
cift yazim birlestirildi,Ferenc Hirzer,SC Young Fellows Juventus,Juventus
cift yazim birlestirildi,Michele Padovano,Cosenza Calcio 1914,Cosenza Calcio
cift yazim birlestirildi,Libero Marchina,Unione Sportiva Dilettantistica Juventus Domo,Juventus
cift yazim birlestirildi,Guido Corbelli,Cosenza Calcio 1914,Cosenza Calcio
cift yazim birlestirildi,Mattia Notari,U.S.D. Atletico Catania,Catania
cift yazim birlestirildi,Eddy Silvestre Pascual Israfilov,Real Murcia Imperial,Real Murcia
cift yazim birlestirildi,Niccolò Pisilli,AS Roma,Roma
cift yazim birlestirildi,Giorgio De Marzi,AS Roma,Roma
cift yazim birlestirildi,Emanuele Lulli,AS Roma,Roma
cift yazim birlestirildi,Beñat Gerenabarrena,Bilbao Athletic,Athletic Bilbao
cift yazim birlestirildi,Johaneko Louis-Jean,Bilbao Athletic,Athletic Bilbao
cift yazim birlestirildi,Hamza Güreler,Başakşehir,İstanbul Başakşehir
cift yazim birlestirildi,Saba Kharebashvili,Dinamo-2 Tbilisi,Dinamo Tbilisi
cift yazim birlestirildi,Saba Kharebashvili,Başakşehir,İstanbul Başakşehir
cift yazim birlestirildi,Santiago Ascacíbar,Estudiantes (LP),Estudiantes
cift yazim birlestirildi,Hugo González (Spanish footballer),Celta Vigo,Celta
cift yazim birlestirildi,Sebastián Cáceres,Celta Vigo,Celta
cift yazim birlestirildi,Couhaib Driouech,Celta Vigo,Celta
cift yazim birlestirildi,Sam Klein (soccer),Brisbane Roar NPL,Brisbane Roar
cift yazim birlestirildi,Tsuyoshi Watanabe,FC Tokyo U-23,FC Tokyo
cift yazim birlestirildi,Jordan Bos,Melbourne City NPL,Melbourne City
cift yazim birlestirildi,Orlando Gill,CS San Lorenzo,San Lorenzo
cift yazim birlestirildi,Orlando Gill,San Lorenzo de Almagro,San Lorenzo
cift yazim birlestirildi,Sven Mijnans,PSV Eindhoven,PSV
cift yazim birlestirildi,Noah Fernandez,PSV Eindhoven,PSV
cift yazim birlestirildi,Giovanni Lo Celso,Real Betis,Betis
cift yazim birlestirildi,Muhammet Taha Şahin,Rizespor,Çaykur Rizespor
cift yazim birlestirildi,Iustin Doicaru,Rizespor,Çaykur Rizespor
cift yazim birlestirildi,Arseniy Batagov,Dnipro,Dnipro-1
cift yazim birlestirildi,Edvin Austbø,Viking 2,Viking
